Label,date_mort,date_naissance,taille_article,net_genre,Id
Turold,2025,,72468,[None],6
Philippe de Thaon,2025,,67944,[None],10
Benoît de Sainte-Maure,2025,,82324,[[94]],14
Jean Bodel,1165,,72283,"[[129, 164, 69]]",16
Wace,1174,1100,98720,"[[56, 128]]",17
Eudes de Deuil,1162,1110,66891,[[191]],18
Chrétien de Troyes,1180,1130,206029,"[[95, 191, 129]]",19
Conon de Béthune,1219,1150,81744,[[191]],20
Alexandre de Bernay,2025,1158,66306,[None],21
Gace Brulé,1213,1160,68040,[None],22
Hélinand de Froidmont,1229,1160,87149,[None],23
Geoffroi de Villehardouin,1213,1160,132707,[[191]],24
Béroul,2025,1170,75537,[None],25
Thomas d'Angleterre,2025,1170,71691,[[94]],26
Marie de France,2025,1175,172389,"[[127, 63, 57, 163, 89]]",27
Gautier de Coinci,1236,1178,82518,[[150]],28
Henri d'Andeli,1240,1200,59142,[None],37
Guillaume de Lorris,1238,1200,77646,[None],38
Thibaut de Champagne,1253,1201,280252,[None],39
Philippe de Remy,1265,1210,68255,[[58]],40
Adam de la Halle,1288,1220,109409,"[[129, 69, 66, 76, 77]]",41
Jean de Joinville,1317,1224,155058,"[[125, 89]]",42
Rutebeuf,1285,1230,98880,[[164]],43
Adenet le Roi,1300,1240,75911,[None],44
Jean de Meung,1304,1240,68985,[[164]],45
Jean Le Marchant,1260,1250,54400,[None],46
Marguerite Porete,1310,1250,100448,[[125]],47
Gilles Le Muisit,1352,1272,71635,[None],48
Pierre Bersuire,1362,1290,102165,[[171]],49
Jean le Bel,1370,1290,77211,[None],50
Watriquet de Couvin,1300,,99543,[None],58
Guillaume de Machaut,1377,1300,135874,"[[66, 63, 50, 76, 77, 53, 85, 94, 248]]",59
Jean de Venette,1368,1307,60329,[None],60
Nicole Oresme,1382,1325,137420,[None],61
Gaston III de Foix-Béarn,1391,1331,560824,"[[66, 69, 119, 199, 183]]",62
Jean Froissart,1404,1333,140806,[[95]],63
Jean de Courcy,2025,1340,50941,[None],64
Eustache Deschamps,1407,1346,106287,"[[49, 76, 77, 85]]",65
Eustache Marcadé,2025,1440,58104,[[151]],66
Jean de Gerson,1429,1363,139740,[None],67
Christine de Pizan,1430,1364,210023,[[50]],68
Alain Chartier,1435,1385,117266,"[[50, 76, 77]]",69
Antoine de La Sale,1469,1388,66462,[None],70
Jean Juvénal des Ursins,1473,1388,87752,[None],71
Enguerrand de Monstrelet,1453,1390,66610,[None],72
Jehan Régnier,1468,1392,56578,[[220]],73
Charles d'Orléans,1465,1394,283591,"[[50, 76, 77, 52]]",74
Michault Taillevent,1395,1390,73373,[[50]],75
Georges Chastelain,1405,,86512,"[[191, 167, 259]]",81
Jean de Bueil,1477,1406,174752,"[[122, 126]]",82
Martin Le Franc,1461,1410,76933,[None],83
Arnoul Gréban,1470,1420,87081,"[[151, 54]]",84
Olivier de La Marche,1502,1425,79839,[None],85
Guillaume Alexis,1486,1425,64435,[None],86
Jeanne Filleul,1498,1426,41453,"[[76, 77]]",87
Martial d'Auvergne,1508,1430,52482,[None],88
François Villon,1463,1431,323725,"[[122, 126, 50, 234]]",89
Gauvain Quiéret,1470,1433,47667,[None],90
Jean Michel,1501,1435,52196,[None],91
Jean Molinet,1507,1435,83363,[[58]],92
Philippe de Commynes,1511,1445,151423,[None],93
Claude de Seyssel,1520,1450,130391,[None],94
Jean Marot,1526,1450,68137,[None],95
Jacques Lefèvre d'Étaples,1455,,100180,[None],101
Guillaume Dubois,1525,1460,54806,[None],102
Guillaume Budé,1540,1468,120876,[None],103
Octavien de Saint-Gelais,1502,1468,64594,[None],104
Jean Lemaire de Belges,1525,1473,99687,[None],105
Pierre Gringore,1538,1475,86220,"[[151, 146, 147, 144]]",106
Jean Bouchet,1558,1476,64076,[None],107
François Rabelais,1553,1483,581018,"[[127, 56, 128, 94, 119, 199, 246, 147, 248, 57, 163, 234, 236, 72]]",108
Mellin de Saint-Gelais,1558,1491,100633,[[83]],109
Marguerite de Valois-Angoulême,1549,1492,282626,[[127]],110
Clément Marot,1544,1496,180434,"[[158, 162, 247, 64]]",111
Victor Brodeau,1540,1500,60041,[None],112
Guillaume de La Perrière,1503,,70863,[None],118
Maurice Scève,1562,1505,82488,[None],119
Michel de L'Hospital,1573,1505,134072,[[171]],120
Guillaume Guéroult,1569,1507,98788,"[[55, 217]]",121
Jean Calvin,1564,1509,385821,[[169]],122
Bonaventure Des Périers,1544,1510,96321,"[[127, 67, 131, 162, 247]]",123
Pierre Viret,1571,1511,90779,[[169]],126
Thomas Sébillet,1589,1512,59342,[None],127
Jacques Amyot,1593,1513,120667,[None],128
Louis Des Masures,1574,1515,93564,[None],129
Guillaume Bouchet,1594,1515,54908,[None],130
Jacques Peletier du Mans,1582,1517,124326,[None],131
Théodore de Bèze,1605,1519,213780,"[[161, 169, 167, 259, 55, 217, 143]]",132
Noël du Fail,1591,1520,83747,[None],133
Jacques Yver,1570,1520,65852,[None],134
Gilles de Gouberville,1578,1521,77934,"[[124, 125]]",137
Pontus de Tyard,1605,1521,116238,[None],138
Joachim du Bellay,1560,1522,148916,"[[83, 54]]",139
Pierre de Ronsard,1585,1524,211079,"[[56, 128, 68, 83]]",140
François Hotman,1590,1524,91236,[None],141
Emmanuel-Philibert de Pingon,1582,1525,105268,[None],142
Louise Labé,1565,1526,193031,"[[54, 83, 49]]",143
Rémy Belleau,1577,1528,99638,[[72]],144
Étienne Pasquier,1615,1529,79152,[None],145
Jean Bodin,1596,1530,472077,[[252]],146
Marc-Claude de Buttet,1586,1530,117970,[None],147
Étienne de La Boétie,1563,1530,181977,[[83]],148
Claude Fauchet,1602,1530,60182,[None],149
Henri Estienne,1598,1531,137580,[None],152
Jean-Antoine de Baïf,1589,1532,84976,[None],153
Étienne Jodelle,1573,1532,76050,[[143]],154
"Michel Eyquem, seigneur de Montaigne",1592,1533,344129,"[[221, 55, 217]]",155
Jean de La Taille de Bondaroy,1540,1533,73245,"[[143, 151]]",156
Jean Passerat,1602,1534,84565,[None],157
Nicolas Rapin,1608,1535,75960,"[[55, 217]]",158
Jean Vauquelin de La Fresnaye,1606,1536,63653,"[[72, 158]]",159
Scévole de Sainte-Marthe,1623,1536,87014,[None],160
Bénigne Poissenot,1538,1537,55788,[None],161
Jacques Grévin,1570,1538,78678,[[146]],162
Olivier de Serres,1619,1539,147415,[None],163
Pierre Pithou,1596,1539,88597,"[[57, 163]]",164
Florent Chrestien,1596,1540,54049,[[143]],165
Pierre de Larivey,1619,1540,71724,[[144]],166
"Pierre de Bourdeille, dit Brantôme",1614,1540,137890,[None],167
Pierre Charron,1603,1541,90405,[None],170
Guillaume de Saluste Du Bartas,1590,1544,98634,[None],171
Jean Papire Masson,1611,1544,86752,[None],172
Robert Garnier,1590,1545,91370,[[83]],173
Pierre de L'Estoile,1611,1546,92609,[[125]],174
Philippe Desportes,1606,1546,90596,[None],175
Jean de La Ceppède,1623,1548,74376,[None],176
Étienne Tabourot des Accords,1590,1549,75621,"[[242, 235]]",177
"Philippe de Mornay, dit Duplessis-Mornay",1623,1549,129717,[None],178
François d'Amboise,1619,1550,101132,[None],179
Théodore Agrippa d'Aubigné,1630,1552,157489,"[[56, 128, 167, 259]]",184
Jean Bertaut,1611,1552,84082,"[[83, 54, 158, 52]]",185
François de Malherbe,1630,1552,123903,[None],186
Odet de Turnèbe,1581,1552,60654,[None],187
François Béroalde de Verville,1626,1556,92230,[None],188
Jacques Davy du Perron,1618,1556,147232,"[[55, 217]]",189
Guillaume du Vair,1621,1556,97883,[None],190
Jean de Sponde,1595,1557,102664,[[83]],191
Maximilien de Béthune,1641,1560,231303,[None],192
Alexandre Hardy,1570,1560,91814,"[[143, 147, 145]]",195
François de Sales,1622,1567,320491,"[[169, 172]]",196
Honoré d'Urfé,1625,1567,102052,[[94]],197
Samuel de Champlain,1580,1567,472959,[None],198
François de Louvencourt,1638,1569,77450,"[[246, 54, 65, 68, 83]]",199
Jean-Baptiste Chassignet,1635,1570,71137,[[83]],200
Jean Ogier de Gombauld,1666,1570,87656,"[[55, 217]]",201
Antoine de Nervèze,1622,1570,61842,[None],202
Mathurin Régnier,1613,1573,91657,[None],205
Antoine de Montchrestien,1621,1575,109337,[[72]],206
Henri duc de Rohan,1638,1579,221380,[None],207
Jean Duvergier de Hauranne,1643,1581,115774,[None],210
François Maynard,1646,1582,72288,"[[83, 55, 217, 68, 52, 54]]",211
Jean-Pierre Camus,1652,1583,115926,"[[94, 67, 131]]",212
François Garasse,1631,1585,79583,[None],213
Jean de Schelandre,1635,1585,59141,[None],214
Claude Favre de Vaugelas,1650,1585,159445,[None],215
François de La Mothe Le Vayer,1672,1588,282349,[None],216
"Honorat de Bueil, seigneur de Racan",1670,1589,87641,[None],217
Théophile de Viau,1626,1590,110362,"[[167, 259, 83, 68, 54]]",218
François Le Métel de Boisrobert,1662,1592,115170,[None],221
Marc-Antoine Girard de Saint-Amant,1661,1594,144919,[None],222
Jean Chapelain,1674,1595,85912,[None],223
Jean Desmarets de Saint-Sorlin,1676,1595,102448,[[143]],224
René Descartes,1650,1596,426055,[None],225
Claude Malleville,1647,1597,87974,[None],226
Vincent Voiture,1648,1597,92661,"[[158, 83, 76, 77, 215, 157, 233, 234]]",227
Jean-Louis Guez de Balzac,1684,1597,93925,[None],228
Guillaume Colletet,1659,1598,87962,[None],229
Madeleine de Souvré,1678,1599,76413,[None],230
Marin Le Roy de Gomberville,1674,1600,77983,[None],231
Suzanne de Nervèze,1666,,53750,[None],237
Georges de Scudéry,1667,1601,100026,[[94]],238
Guy Patin,1672,1601,111284,[None],239
"François, dit Tristan L'Hermite",1655,1601,1178002,"[[94, 143, 144, 54, 231, 56, 128, 83, 158, 68, 52, 55, 217, 76, 77, 50, 88, 122, 126, 123, 99, 193, 105, 93, 142, 252, 232, 223, 49, 233, 57, 163, 220, 215, 179, 149, 141, 127, 156, 72, 125, 183]]",240
Pierre Le Moyne,1671,1602,67631,[None],241
Charles Sorel,1674,1602,134120,"[[164, 147]]",242
Charles Cotin,1682,1604,82969,[None],243
Jean Mairet,1686,1604,78655,[None],244
Charles Coypeau d'Assoucy,1675,1605,97451,[None],245
Pierre Du Ryer,1658,1605,79159,"[[72, 143]]",246
Pierre Corneille,1684,1606,293654,"[[143, 144, 147]]",247
Antoine Gombaud,1685,1607,77111,[None],248
Madeleine de Scudéry,1701,1607,105735,"[[157, 107, 195]]",249
Jean de Rotrou,1650,1609,103736,"[[143, 144]]",250
Eudes de Mézeray,1683,1610,108740,[None],251
Paul Scarron,1660,1610,99534,"[[94, 141, 57, 163]]",252
Antoine Arnauld,1694,1612,110922,[None],255
Richemont Banchereau,2025,1612,61614,[None],256
Isaac de Benserade,1691,1612,109374,"[[76, 77, 57, 163]]",257
"François VI, duc de La Rochefoucauld",1680,1613,133320,[[125]],258
"Paul de Gondi, cardinal de Retz",1679,1613,192729,[None],259
Gautier de Costes de La Calprenède,1663,1614,90322,"[[94, 142, 157]]",260
Charles de Marguetel de Saint-Denis de Saint-Evremond,1703,1614,96378,[[64]],261
Jean-François Sarrasin,1654,1614,90934,"[[55, 217]]",262
Georges de Brébeuf,1661,1617,72309,[None],263
"Roger de Rabutin, comte de Bussy, dit Bussy-Rabutin",1693,1618,120001,"[[167, 259, 157]]",264
Jacques Chausson,1661,1618,55347,[None],265
Savinien de Cyrano de Bergerac,1655,1619,759795,"[[94, 121, 110, 200, 54, 233, 236, 183]]",266
Antoine Furetière,1688,1619,90273,"[[94, 57, 163]]",267
Jean de La Fontaine,1695,1621,261831,"[[57, 163, 127]]",270
"Jean-Baptiste Poquelin, dit Molière",1673,1622,829653,"[[147, 144, 164, 236, 187]]",271
Blaise Pascal,1662,1623,350535,[[171]],272
Jean Regnault de Segrais,1701,1624,83530,[None],273
Thomas Corneille,1709,1625,113110,"[[142, 144]]",274
"Marie de Rabutin-Chantal, marquise de Sévigné",1696,1626,236475,[None],275
Laurent Drelincourt,1680,1626,66906,[None],276
Jacques-Bénigne Bossuet,1704,1627,210960,[[169]],277
Gabriel de Guilleragues,1685,1628,85621,"[[158, 157]]",278
Charles Perrault,1703,1628,209842,"[[127, 55, 217, 121, 116, 205, 183, 57, 163]]",279
Louis Bourdaloue,1704,1632,89880,[[169]],282
Marie-Catherine de Villedieu,1683,1632,88805,"[[94, 67, 131, 174, 98]]",283
Esprit Fléchier,1710,1632,88820,[None],284
"Marie-Madeleine, comtesse de La Fayette",1693,1634,113374,[[157]],285
Philippe Quinault,1688,1635,114621,[[144]],286
Nicolas Boileau,1711,1636,131645,[[157]],287
Adrien-Thomas Perdou de Subligny,1696,1636,59022,[[144]],288
"Philippe de Courcillon, marquis de Dangeau",1720,1638,120443,[[125]],289
Jean Donneau de Visé,1710,1638,93649,"[[144, 143, 125]]",290
Claude Le Petit,1662,1638,75411,[None],291
Nicolas Malebranche,1715,1638,297226,[None],292
Jean Racine,1699,1639,612030,"[[143, 144, 242, 68, 54, 55, 217, 147]]",293
César Vichard de Saint-Réal,1692,1639,80184,[None],294
Claude de Fleury,1723,1640,108863,"[[252, 171, 170]]",295
Louis Moréri,1680,1643,76708,[None],298
Jean de La Bruyère,1696,1645,126230,[[179]],299
"Pierre Le Pesant, sieur de Bois-Guillebert",1714,1646,96767,[None],300
Antoine Galland,1715,1646,112580,[None],301
Pierre Bayle,1706,1647,131726,[None],302
Charles Dufresny,1724,1648,83209,[[144]],303
Marie-Catherine d'Aulnoy,1705,1651,150271,"[[127, 157, 94]]",306
François de Salignac de la Mothe-Fénelon,1715,1651,164852,[None],307
Jacques Abbadie,1727,1654,110014,[[157]],308
Jean-François Regnard,1709,1655,126654,[[144]],309
Bernard Le Bovier de Fontenelle,1757,1657,198697,"[[55, 217, 144]]",310
Henri de Boulainvilliers,1712,1658,147799,[[191]],311
Charles Rollin,1741,1661,85033,[None],314
Alain-René Lesage,1747,1668,206606,[[94]],315
Abbé Jean-Baptiste Du Bos,1742,1670,127326,[None],316
Jean-Baptiste Rousseau,1741,1670,109416,[None],317
Prosper Jolyot de Crébillon,1762,1674,120032,[None],320
"Louis de Rouvroy, duc de Saint-Simon",1755,1675,745642,"[[125, 156, 93, 179]]",321
Philippe Néricault Destouches,1754,1680,101333,[None],322
Claudine Guérin de Tencin,1749,1682,256338,"[[98, 125]]",325
Pierre Carlet de Chamblain de Marivaux,1763,1688,186944,"[[144, 94, 223]]",326
Alexis Piron,1773,1689,109045,"[[55, 217]]",327
"Charles Louis de Secondat, baron de Montesquieu",1755,1689,324100,"[[97, 156]]",328
Louis Petit de Bachaumont,1771,1690,68278,[None],329
Charlotte Aïssé,1733,1693,69319,[None],332
René-Louis de Voyer de Paulmy d'Argenson,1757,1694,93985,[None],333
"François-Marie Arouet, dit Voltaire",1778,1694,640305,"[[127, 167, 259, 68, 143, 56, 128, 162, 247]]",334
"Marie de Vichy-Chamrond, marquise du Deffand",1780,1697,84241,[None],335
Antoine-François abbé Prévost d'Exiles,1763,1697,126083,[None],336
Jean-François de La Croix,2025,,47466,[None],342
Pierre Abraham de La Bretonnière,1778,1701,56021,[None],345
Jean-Baptiste Boyer d'Argens,1771,1703,136493,"[[94, 167, 259]]",346
Charles Pinot Duclos,1772,1704,101859,"[[94, 161]]",347
François Blanchet,1707,,62324,[None],349
Buffon,1788,1707,315248,[None],350
Claude-Prosper Jolyot de Crébillon,1777,1707,122168,"[[97, 98, 155]]",351
Julien Offray de La Mettrie,1751,1709,156909,[None],352
Gabriel Bonnot de Mably,1785,1709,84156,[None],353
Jean-Baptiste Gresset,1777,1709,112631,[None],354
Jean-Jacques Lefranc de Pompignan,1784,1709,134324,"[[258, 167, 259]]",355
Charles-Simon Favart,1792,1710,103504,[[144]],356
Jeanne-Marie Leprince de Beaumont,1780,1711,109234,[[127]],359
Jean-Jacques Rousseau,1778,1712,900199,"[[97, 122, 126]]",360
Denis Diderot,1784,1713,447343,"[[94, 236]]",361
"Marie-Jeanne Riccoboni, dite Madame Riccoboni",1792,1713,136992,"[[143, 144, 97]]",362
Étienne Bonnot de Condillac,1780,1714,126959,[None],363
"Luc de Clapiers, marquis de Vauvenargues",1747,1715,100557,[[225]],364
Claude-Adrien Helvétius,1771,1715,160431,[[156]],365
Jean-François de Saint-Lambert,1803,1716,106514,[[127]],366
"Louis Carbogis, dit Carmontelle",1806,1717,126458,"[[231, 152]]",367
Jean Le Rond d'Alembert,1783,1717,232127,[None],368
Michel-Jean Sedaine,1797,1719,129123,[None],369
François-Joseph Bérardier de Bataut,1794,1720,65045,[None],370
Jacques Cazotte,1792,1720,94969,[[94]],371
Louis Anseaume,1784,1721,68689,[None],374
Tiphaigne de la Roche,1774,1722,91406,"[[110, 200]]",375
"Paul Henri Dietrich, baron d'Holbach",1789,1723,243989,[None],376
Jean-François Marmontel,1799,1723,225548,[[127]],377
Jean-Jacques Casanova de Seingalt,1798,1725,222295,[[125]],378
"Anne Robert Jacques, baron de l'Aulne Turgot",1781,1727,235919,[None],379
Joseph Lanjuinais,1808,1730,70813,[None],380
Antoine Le Blanc de Guillet,1799,1730,57908,[None],381
Claire-Marie Mazarelli de Saint-Chamond,2025,1731,65373,[None],384
Pierre-Augustin Caron de Beaumarchais,1799,1732,200423,"[[258, 167, 259]]",385
Jean Baptiste Lefebvre de Villebrune,1809,1732,79512,[None],386
Joseph François Marie Malherbe,1827,1733,45811,[None],387
Nicolas Edme Restif de La Bretonne,1806,1734,247603,"[[94, 67, 131, 122, 126, 141]]",388
"Charles-Joseph, prince de Ligne",1814,1735,147614,[[125]],389
Jacques-Henri Bernardin de Saint-Pierre,1814,1737,180935,[[143]],390
Jacques Delille,1813,1738,122706,[None],391
"Donatien Alphonse François, marquis de Sade",1814,1740,419822,"[[167, 259, 183]]",392
Isabelle de Charrière dite Belle de Zuylen,1805,1740,160498,"[[156, 167, 259, 127, 94]]",393
Louis-Sébastien Mercier,1814,1740,186914,"[[161, 149, 223]]",394
Pierre-Ambroise Choderlos de Laclos,1803,1741,141312,"[[155, 97]]",397
"Marie Jean Antoine Nicolas de Caritat, marquis de Condorcet",1794,1743,358802,"[[167, 259]]",398
Jean-Antoine Roucher,1794,1745,99945,[None],399
Louis-Jean-Baptiste Simonet de Maisonneuve,1819,1745,50701,[None],400
François-Jean Willemain d'Abancourt,1803,1745,65061,[None],401
Félicité de Genlis,1830,1746,221790,"[[94, 125]]",402
Jean-Sifrein Maury,1817,1746,155538,[None],403
"Armand-Louis de Gontaut-Biron, duc de Lauzun",1793,1747,110995,[None],404
Maurice-Élisabeth de Lavergne de Tressan,1809,1749,52873,[None],405
"Honoré Gabriel Riqueti, comte de Mirabeau",1791,1749,243289,[[258]],406
Nicolas-Joseph-Laurent Gilbert,1780,1750,95777,[None],409
Évariste de Forges de Parny,1814,1753,113039,[[71]],410
Joseph de Maistre,1821,1753,251305,[None],411
Jacques Pierre Brissot,1793,1754,260024,"[[167, 259, 258, 125]]",412
Jean-Pierre Claris de Florian,1794,1754,200145,"[[162, 247]]",413
Charles-Maurice de Talleyrand-Périgord,1838,1754,848012,[None],414
Joseph Joubert,1824,1754,113125,"[[225, 161]]",415
Jean Anthelme Brillat-Savarin,1826,1755,159300,"[[225, 179]]",416
"Constantin-François Chassebœuf, Comte de Volney",1820,1757,283637,[[158]],417
Antoine-Isaac Silvestre de Sacy,1838,1758,112669,[None],418
François Andrieux,1833,1759,181601,[None],419
Catherine-Joseph-Ferdinand Girard de Propiac,1823,1759,58093,[None],420
Charles François Philibert Masson,1807,1761,61842,[None],423
André Chénier,1794,1762,171156,[[54]],424
Louis-Charles Caigniez,1842,1762,74964,[None],425
Xavier de Maistre,1852,1763,172562,[None],426
Sophie Marie Louise de Grouchy,1822,1764,76903,[None],427
Antoinette Legroing de La Maisonneuve,1837,1764,62204,[None],428
"Emmanuel-Augustin-Dieudonné, comte de Las Cases",1842,1766,127332,[[125]],429
Germaine de Staël,1817,1766,280879,[None],430
Benjamin Constant,1830,1767,249794,"[[94, 161]]",431
Joseph Fiévée,1839,1767,95905,[None],432
François-René de Chateaubriand,1848,1768,397016,"[[94, 125, 122, 126, 56, 128, 167, 259, 258]]",433
Charles-Louis Cadet de Gassicourt,1821,1769,97969,[None],434
Sophie Cottin,1807,1770,125188,[[94]],435
Étienne Pivert de Senancour,1846,1770,83070,[[97]],436
Paul-Louis Courier de Méré,1825,1772,164118,"[[167, 259]]",439
René-Charles Guilbert de Pixérécourt,1844,1773,117937,"[[144, 149, 143]]",440
Joseph-François-Gabriel Hennequin,1842,1775,52179,[None],441
Eugène-François Vidocq,1857,1775,223234,[[125]],442
Pierre-Jean de Béranger,1780,,192022,"[[56, 128, 144, 167, 259, 52]]",444
Théophile Marion Dumersan,1849,1780,92904,[None],445
Charles Nodier,1844,1780,290350,"[[119, 199]]",446
Michel Bibaud,1857,1782,69423,[None],449
Prosper de Barante,1866,1782,161197,[None],450
Félicité Robert de Lamennais,1854,1782,229122,[[172]],451
Victor Henri-Joseph Brahain Ducange,1833,1783,74516,[[94]],452
"Henri Beyle, dit Stendhal",1842,1783,489632,"[[94, 122, 126, 124, 93]]",453
Laure Junot d'Abrantès,1838,1784,122428,[[125]],454
Michel Procope-Couteaux,1753,1684,50800,[None],455
Pierre-Antoine Lebrun,1873,1785,108043,[None],456
Marceline Desbordes-Valmore,1859,1786,169248,[None],457
Alphonse Rabbe,1829,1786,69439,[None],458
François Guizot,1874,1787,388678,[None],459
Théodore Leclercq,1851,1787,70671,[None],460
Abel Dufresne,1872,1788,61418,[None],461
Alexandre Guiraud,1847,1788,106603,[None],462
"Charles-Victor Prévost, vicomte d'Arlincourt",1856,1788,108617,[None],463
Alphonse de Lamartine,1869,1790,341508,"[[94, 143]]",464
Virginie de Senancour,1876,1791,58826,[None],467
Virginie Ancelot,1875,1792,127318,"[[125, 94]]",468
Paul de Kock,1871,1793,108237,[None],469
Jacques-François Ancelot,1854,1794,120378,"[[143, 144, 94]]",470
Antoine-Eugène Gaulmier,1829,1795,49255,[None],471
Augustin Thierry,1856,1795,102780,[None],472
Casimir Delavigne,1863,1797,207186,[None],473
"Alfred, comte de Vigny",1863,1797,245602,"[[94, 96]]",474
Adolphe Thiers,1877,1797,596281,[None],475
Auguste Comte,1857,1798,363680,[None],476
Jules Michelet,1874,1798,245553,[None],477
Honoré de Balzac,1850,1799,800740,"[[94, 161, 119, 199, 143, 96, 167, 259, 127, 67, 131]]",478
"Sophie Rostopchine, comtesse de Ségur",1874,1799,210760,[[94]],479
Henri Monnier,1877,1799,98294,[None],480
Jean-Jacques Ampère,1864,1800,115996,[None],481
Sophie Doin,1846,1800,57905,[None],482
Jacques Bornet,2025,,46170,[None],486
Geneviève Ruxton,2025,,48284,[None],488
Claude Tillier,1801,,96640,"[[167, 259, 94]]",492
Alexandre Dumas,1870,1802,419704,"[[94, 141, 96]]",493
Victor Hugo,1885,1802,803147,"[[94, 149, 167, 259, 141, 56, 128, 156, 161, 119, 199]]",494
Prosper Mérimée,1870,1803,236195,"[[67, 131, 119, 199, 96]]",495
Edgar Quinet,1875,1803,139457,[None],496
Charles-Augustin Sainte-Beuve,1869,1804,210623,[[225]],497
"Amandine-Lucie-Aurore Dupin, baronne Dudevant, dite George Sand",1876,1804,1251354,"[[94, 67, 131, 127, 142, 122, 126, 96, 124, 167, 259]]",498
Charles-Emmanuel Sédillot,1883,1804,109861,[None],499
"Marie-Joseph Sue, dit Eugène Sue",1857,1804,160333,[None],500
"Alexis Henri Charles de Clérel, vicomte de Tocqueville",1859,1805,349730,[[223]],501
Félix Arvers,1850,1806,87446,[None],504
"Auguste Anicet, dit Anicet Bourgeois",1871,1806,103940,"[[142, 149]]",505
Charles Lassailly,1843,1806,122923,"[[94, 67, 131]]",506
Désiré Nisard,1888,1806,114883,[None],507
Émile Souvestre,1854,1806,143212,"[[110, 200]]",508
Aloysius Bertrand,1841,1807,195378,[[71]],509
Jules-Amédée Barbey d'Aurevilly,1889,1808,318046,"[[67, 131, 119, 199, 161, 94, 54, 71, 225, 167, 259, 96]]",510
"Gérard Labrunie, dit Gérard de Nerval",1855,1808,239858,"[[94, 67, 131, 167, 259]]",511
Petrus Borel,1859,1809,125129,"[[94, 67, 131]]",512
Xavier Forneret,1884,1809,499674,"[[94, 67, 131, 225, 149, 144, 84, 257, 223, 232, 222, 124, 234, 119, 199, 71, 127, 89]]",513
Pierre-Joseph Proudhon,1865,1809,445094,[None],514
Joseph Bouchardy,1870,1810,85856,[None],515
Maurice de Guérin,1839,1810,83548,[None],516
Hégésippe Moreau,1838,1810,94523,[None],517
Alfred de Musset,1857,1810,276575,"[[141, 144, 54]]",518
Antoine-Paulin Pihan,1879,1810,57683,[None],519
Adolphe d'Ennery,1889,1811,133260,[[149]],522
Victor Duruy,1894,1811,186914,[None],523
Théophile Gautier,1872,1811,267763,"[[67, 131, 119, 199, 141, 121, 94, 127]]",524
Philothée O'Neddy,1875,1811,78045,"[[94, 67, 131, 149]]",525
Victor de Laprade,1883,1812,106774,[None],526
Louise-Victorine Ackermann,1890,1813,109552,[None],527
Clémence Badère,1893,1813,58329,[None],528
Amédée Achard,1875,1814,96679,[[94]],529
Alphonse Esquiros,1876,1814,104513,[None],530
Élie Berthet,1891,1815,83402,"[[94, 96, 107, 195]]",531
Eugène Labiche,1888,1815,198372,"[[144, 149]]",532
Théophile Cailleux,1890,1816,72473,[None],535
"Joseph Arthur, comte Gobineau",1882,1816,247009,"[[56, 128]]",536
Paul Féval,1887,1817,149621,[None],537
Pierre Zaccone,1895,1817,75519,"[[107, 195]]",538
Eugène André Despois,1876,1818,81445,[None],539
Leconte de Lisle,1894,1818,474851,[None],540
Émile Deschanel,1904,1819,95992,[None],541
Émile Augier,1889,1820,150938,"[[167, 259]]",542
Reinhart Dozy,1883,1820,80004,[None],543
Eugène Fromentin,1876,1820,134329,[None],544
Henri-Frédéric Amiel,1881,1821,106890,[[124]],547
Charles Baudelaire,1867,1821,337532,"[[54, 120, 167, 259, 49, 71, 124]]",548
"Jules-François-Félix Husson, dit Champfleury",1889,1821,119909,[None],549
Gustave Flaubert,1880,1821,294550,"[[94, 67, 131, 96]]",550
Jules Prior,1903,1821,58823,[None],551
Jules de Goncourt,1822,,94336,[[94]],553
"Émile Erckmann & Alexandre Chatrian, dit Erckmann-Chatrian",1899,1822,83558,"[[56, 128]]",554
Armand Lapointe,1910,1822,68869,[None],555
Louis Ménard,1901,1822,85108,[None],556
Théodore Barrière,1877,1823,108037,[[149]],557
Théodore de Banville,1891,1823,132355,[None],558
Charles Gouraud,2025,1823,53941,[None],559
Xavier de Montépin,1902,1823,86447,[None],560
Aristide Marre,1918,1823,81643,[None],561
Ernest Renan,1892,1823,261229,[None],562
Alexandre Dumas fils,1895,1824,198507,"[[96, 94, 142]]",563
Octavie Lagrange,2025,1825,60226,[None],564
Eugène Chavette,1902,1827,61388,"[[94, 107, 195]]",567
Charles De Coster,1879,1827,102603,[None],568
Octave Lacroix,1901,1827,70414,[None],569
Edmond About,1885,1828,186042,[[94]],570
Ernest Hello,1885,1828,87487,[None],571
Hippolyte Taine,1893,1828,176388,[None],572
Jules Verne,1905,1828,788441,"[[110, 200, 105, 142, 67, 131, 122, 126, 52, 183, 94]]",573
Zénaïde Fleuriot,1890,1829,96360,[[94]],574
Numa-Denis Fustel de Coulanges,1889,1830,172818,[None],575
Hector Malot,1907,1830,147426,[[94]],576
Henri Rochefort,1913,1830,193196,[None],577
Henri-Raymond Casgrain,1904,1831,95325,[[94]],580
Raoul de Navery,1885,1831,68022,[None],581
Victorien Sardou,1908,1831,167272,[None],582
Louis Marcel Devic,1888,1832,61451,[None],583
Émile Gaboriau,1873,1832,109721,"[[94, 107, 195]]",584
Léon Gautier,1897,1832,87193,[None],585
Jules Vallès,1885,1832,181428,"[[122, 126]]",586
"Augustine Tuillerie, dite G. Bruno",1923,1833,60715,[None],587
Jean-Marie Déguignet,1905,1834,71026,[None],588
Édouard Pailleron,1899,1834,126317,[None],589
Alexis Bouvier,1892,1836,70293,[[94]],592
Ernest Boysse,1891,1836,59917,[None],593
Louise Drevet,1898,1836,69744,[None],594
Eugène Le Roy,1907,1836,99603,[None],595
Henry Becque,1899,1837,103307,"[[55, 217]]",596
Henri Boudet,1915,1837,115956,[None],597
Auguste de Villiers de L'Isle-Adam,1889,1838,193672,"[[110, 200]]",598
Jules Lermina,1915,1839,95589,"[[94, 67, 131, 107, 195, 96, 99, 193, 127]]",599
Sully Prudhomme,1907,1839,201341,[None],600
Arthur Buies,1901,1840,85927,[[161]],601
Jules Claretie,1913,1840,158883,"[[94, 67, 131, 107, 195]]",602
Alphonse Daudet,1897,1840,223441,"[[94, 127, 67, 131, 142]]",603
Émile Zola,1902,1840,498921,"[[94, 67, 131, 191, 127, 257]]",604
Gustave Le Bon,1931,1841,205144,[None],607
François Coppée,1908,1842,180889,[None],608
Charles Cros,1888,1842,109334,[None],609
Henry Gréville,1902,1842,83121,[None],610
José-Maria de Heredia,1905,1842,151003,[[83]],611
Stéphane Mallarmé,1898,1842,214772,[None],612
Paul Arène,1896,1843,132946,[None],613
"Anatole François Thibault, dit Anatole France",1924,1844,349247,"[[94, 67, 131, 119, 199, 127]]",614
Paul Verlaine,1896,1844,355160,"[[67, 131, 122, 126]]",615
"Edouard-Joachim, dit Tristan Corbière",1875,1845,152684,[[161]],616
Léon Bloy,1917,1846,186100,"[[94, 167, 259, 124, 67, 131]]",619
Médéric Charot,1916,1846,52599,[[94]],620
"Isidore Ducasse, comte de Lautréamont",1870,1846,167259,[None],621
"Étienne Rocheverre, pseud. de Nouvion",1906,1846,65137,[None],622
Maurice Rollinat,1903,1846,109454,[None],623
Paul Alexis,1901,1847,93366,[[94]],624
Émile Faguet,1916,1847,121413,[None],625
Marie d'Agon de la Contrie,1908,1848,147520,"[[99, 193, 67, 131]]",626
Jean Aicard,1921,1848,164184,[None],627
Auguste Angellier,1911,1848,84274,[None],628
Honoré Beaugrand,1906,1848,149925,[None],629
Georges de Peyrebrune,1917,1848,76513,[None],630
Joris-Karl Huysmans,1907,1848,195750,[None],631
Octave Mirbeau,1917,1848,390815,"[[94, 127, 167, 259, 142, 123]]",632
Georges Ohnet,1918,1848,114645,[[94]],633
Jacques Normand,1931,1848,87471,[None],634
Paul Cunisset-Carnot,1919,1849,86852,[None],635
Georges de Porto-Riche,1930,1849,124526,[None],636
Gyp,1932,1849,127345,[[94]],637
Edgar La Selve,1892,1849,59101,[None],638
Jean Richepin,1926,1849,208772,[None],639
Nérée Beauchemin,1931,1850,64197,[None],640
Guy de Maupassant,1893,1850,348413,"[[94, 119, 199, 67, 131, 127, 149, 88, 93]]",641
"Julien Viaud, dit Pierre Loti",1923,1850,259781,[[94]],642
Germain Nouveau,1920,1851,108290,[None],645
Paul Vibert,1918,1851,113346,[[94]],646
Élémir Bourges,1925,1852,75054,[[94]],647
Paul Bourget,1935,1852,1009552,"[[161, 94, 67, 131, 167, 259]]",648
Auguste Gérard,1922,1852,94754,[None],649
René Bazin,1932,1853,156884,[None],650
Jean-Louis Dubut de Laforest,1902,1853,84107,[None],651
Daniel-Lesueur,2025,,189799,"[[67, 131, 94]]",653
Alphonse Allais,1905,1854,202360,[[236]],654
Arthur Rimbaud,1891,1854,687221,"[[71, 219, 54]]",655
Laurent Tailhade,1919,1854,167766,[None],656
Paul Deschanel,1922,1855,720794,[[144]],657
Émile Verhaeren,1916,1855,167342,[None],658
Georges Rodenbach,1898,1855,115135,[None],659
Emmanuel Arène,1908,1856,68631,[None],662
Pierre Decourcelle,1926,1856,124600,"[[94, 107, 195]]",663
"Jean Papadiamantopoulos, dit Jean Moréas",1910,1856,102096,[None],664
Gustave Lanson,1934,1857,109257,[[121]],665
Alfred Capus,1922,1858,122158,[[94]],666
"Georges Moineaux, dit Georges Courteline",1929,1858,128981,[[94]],667
Remy de Gourmont,1915,1858,144762,[None],668
Neel Doff,1942,1858,58844,"[[94, 122, 126]]",669
Émile Durkheim,1917,1858,313703,[None],670
Jules Lemaître,1915,1858,130189,[None],671
Albert Samain,1900,1858,101531,[[83]],672
Gustave Belot,1929,1859,97497,[None],673
Gustave Kahn,1936,1859,85120,[None],674
Henri Bergson,1941,1859,376338,[None],675
"Jacques Normand, dit Jacques Madeleine",1941,1859,73360,[None],676
Anatole Le Braz,1926,1859,136970,"[[122, 126]]",677
Georges Ancey,1917,1860,67075,[None],678
Jules Laforgue,1887,1860,127332,[None],679
Paul Margueritte,1918,1860,80352,[None],680
Michel Zévaco,1918,1860,108332,[[96]],681
"Paul Roux, dit Saint-Pol-Roux le Magnifique",1940,1861,149555,[None],684
Paul Adam,1920,1862,143014,[None],685
Maurice Barrès,1923,1862,314919,[None],686
Léo Claretie,1924,1862,72024,[[94]],687
Georges Darien,1921,1862,137920,[None],688
Max Elskamp,1931,1862,111355,[None],689
Georges Feydeau,1921,1862,153956,[None],690
René Ghil,1925,1862,79617,[None],691
Henri Lammens,1937,1862,72665,[None],692
Maurice Maeterlinck,1949,1862,215964,[[142]],693
Jean Ajalbert,1947,1863,110208,"[[94, 125]]",694
Marguerite Audoux,1937,1863,84939,[[94]],695
Charles Le Goffic,1932,1863,141350,[None],696
Stuart Merrill,1915,1863,73433,[None],697
Henri de Régnier,1936,1864,189221,[None],698
Maurice Leblanc,1941,1864,154737,"[[110, 200, 107, 195, 142]]",699
Jules Renard,1910,1864,138390,[None],700
George-Albert Aurier,1892,1865,88903,[None],701
Tristan Bernard,1947,1866,233157,"[[94, 234]]",704
Henry Cormeau,1929,1866,60699,[None],705
Romain Rolland,1944,1866,220838,[None],706
"René Tardivaux, dit René Boylesve",1926,1867,163623,[None],707
Léon Daudet,1942,1867,222970,"[[94, 125, 167, 259]]",708
"Gabriel Randon, dit Jehan-Rictus",1933,1867,109645,[[124]],709
"Georges Grassal de Choffat, dit Hugues Rebell",1905,1867,87553,[None],710
Marcel Schwob,1905,1867,126835,[[71]],711
Paul-Jean Toulet,1920,1867,91244,[[94]],712
Émile Chartier,1951,1868,167097,[None],713
Claude Anet,1931,1868,108888,[None],714
Maurice Champagne,1951,1868,57449,"[[110, 200]]",715
Paul Claudel,1955,1868,292025,[[161]],716
Alexandra David-Néel,1969,1868,315623,[None],717
Francis Jammes,1938,1868,147442,"[[94, 127, 49]]",718
Gaston Leroux,1927,1868,141415,"[[94, 119, 199, 107, 195]]",719
Charles Maurras,1952,1868,913050,"[[161, 167, 259, 172]]",720
Edmond Rostand,1918,1868,199236,[[161]],721
André Spire,1966,1868,81358,[None],722
André Suarès,1948,1868,118915,[None],723
Léon Abric,1942,1869,69722,[None],724
Émile Bodin,1923,1869,55875,[None],725
Gaston Arman de Caillavet,1915,1869,115323,[None],726
Emmanuel-Henri Gaudicour,1913,1869,21823,[None],727
André Gide,1951,1869,319895,"[[94, 124]]",728
Louis Artus,1960,1870,68464,[None],729
Henry Bordeaux,1963,1870,192565,[None],730
Jacques Boulenger,1944,1870,79420,[None],731
François René Boullaire,1935,1870,74386,[None],732
"Pierre Louis, dit Pierre Louÿs",1925,1870,163185,[[94]],733
Arthur Bernède,1937,1871,121347,[[94]],736
Marcel Proust,1922,1871,394189,"[[94, 141]]",737
Paul Valéry,1945,1871,224941,[[124]],738
Henry Bataille,1922,1872,110817,[None],739
Cardeline,2025,1872,55548,[[94]],740
Robert de Flers,1927,1872,168131,"[[94, 67, 131]]",741
Paul Fort,1960,1872,115585,[None],742
Paul Léautaud,1956,1872,183996,[None],743
Louis Mandin,1943,1872,62740,[None],744
François-Paul Alibert,1953,1873,81402,[None],745
Henri Barbusse,1935,1873,157884,[None],746
"Sidonie Gabrielle Colette, dite Colette",1954,1873,296399,"[[94, 123, 122, 126]]",747
Émile Guillaumin,1951,1873,127683,[None],748
Alfred Jarry,1907,1873,176167,[None],749
Charles Péguy,1914,1873,277919,"[[161, 151, 94]]",750
Paul Acker,1915,1874,77366,[None],751
Lucie Delarue-Mardrus,1945,1874,135653,[None],752
Marc Leclerc,1946,1874,62971,[None],753
Henry Jean-Marie Levet,1906,1874,67318,[None],754
Charles-Louis Philippe,1909,1874,161795,[[94]],755
Pierre Souvestre,1914,1874,104575,"[[94, 107, 195, 108, 67, 131]]",756
Albert Thibaudet,1936,1874,83930,[None],757
André Baillon,1932,1875,65170,[None],758
Charles Bernard,1961,1875,61197,[None],759
Henri Bernstein,1953,1876,113522,[None],762
Pierre Albert-Birot,1967,1876,173165,[[51]],763
"Anne de Brancovan, dite comtesse de Noailles",1933,1876,175881,[[94]],764
Max Jacob,1944,1876,760771,"[[94, 161, 149, 71, 225, 236, 142, 123, 183, 51, 235, 107, 195, 49, 97, 67, 131, 144]]",765
Léon-Paul Fargue,1947,1876,114601,[[235]],766
Joseph Malègue,1940,1876,776891,"[[94, 67, 131, 89, 122, 126]]",767
Albert Cahuet,1942,1877,104494,[[94]],768
Alphonse de Brédenbec de Châteaubriant,1951,1877,182667,"[[67, 131]]",769
Henri-Georges Jeanne,1947,1877,60077,"[[94, 107, 195]]",770
Milosz,1939,1877,122367,[None],771
Raymond Roussel,1933,1877,179742,"[[94, 161]]",772
Charles-Ferdinand Ramuz,1947,1878,217936,"[[94, 67, 131, 124]]",773
Victor Segalen,1919,1878,285458,[[94]],774
Léon Werth,1955,1878,107031,"[[94, 161]]",775
Jacques Bainville,1936,1879,201979,[None],776
Henri Bachelin,1941,1879,66285,"[[94, 67, 131]]",777
Georges Bugnet,1981,1879,76428,[None],778
Henry de Monfreid,1974,1879,168457,[None],779
André Mary,1962,1879,57913,[None],780
Émile Nelligan,1941,1879,349822,[[83]],781
Francis Picabia,1953,1879,168118,[None],782
"Wilhelm Apollinaris de Kostrowitzky, dit Guillaume Apollinaire",1918,1880,250985,[[51]],783
René Arcos,1959,1880,59144,[None],784
René Béhaine,1966,1880,66618,[None],785
"Francis Durand, dit Francis de Miomandre",1959,1880,101981,[None],786
Jacques Dyssord,1952,1880,67056,[None],787
Louis Hémon,1913,1880,115661,[[94]],788
Octave Aubry,1946,1881,89531,[[96]],791
Alphonse Beauregard,1924,1881,55508,[None],792
Jérôme Carcopino,1970,1881,268345,[None],793
Paul Cazin,1963,1881,63542,[None],794
Valery Larbaud,1957,1881,135798,"[[94, 161]]",795
Roger Martin du Gard,1958,1881,204628,"[[67, 131, 94, 156, 124]]",796
André Salmon,1969,1881,113221,[[94]],797
Jean Giraudoux,1944,1882,259103,"[[94, 161, 141]]",798
Fadhma Aït Mansour Amrouche,1967,1882,77062,[None],799
André Billy,1971,1882,89771,[[94]],800
Louis Pergaud,1915,1882,122325,[[94]],801
Catherine Pozzi,1934,1882,110616,[None],802
Maurice Bedel,1954,1883,72616,[[161]],803
Abel Bonnard,1968,1883,598040,"[[122, 126, 124, 94, 105, 119, 199, 110, 200, 107, 195, 67, 131, 179]]",804
José de Bérys,1957,1883,69962,[None],805
"Pierre Dumarchais, dit Pierre Mac-Orlan",1970,1883,318679,"[[119, 199, 105, 52, 161, 125, 122, 126, 121, 50, 183]]",806
Jean Marquet,1954,1883,66396,[None],807
Marie Noël,1967,1883,111291,[[52]],808
Denis Amiel,1977,1884,64479,[None],809
Alexandre Arnoux,1973,1884,86736,[None],810
Gaston Bachelard,1962,1884,384095,[None],811
Pierre Henri Cami,1958,1884,100769,[None],812
"Jacques Boutelleau, dit Jacques Chardonne",1968,1884,147169,[None],813
Georges Duhamel,1966,1884,247112,[[94]],814
Jean Paulhan,1968,1884,165863,[None],815
Georges Ribemont-Dessaignes,1974,1884,132229,[None],816
Jules Supervielle,1960,1884,127797,[None],817
Marcel Allain,1969,1885,111210,"[[94, 107, 195, 108, 67, 131, 99, 193, 105, 111, 204]]",818
René Benjamin,1948,1885,190290,[None],819
Henri Béraud,1958,1885,96655,"[[94, 138, 167, 259]]",820
Marthe Bibesco,1973,1885,120853,[None],821
Fernand Crommelynck,1970,1885,81332,"[[94, 107, 195]]",822
Claude Esil,1986,1885,57713,[None],823
Sacha Guitry,1957,1885,328502,[None],824
François Mauriac,1970,1885,337257,"[[125, 94]]",825
"Émile Herzog, dit André Maurois",1967,1885,217532,"[[94, 161, 110, 200]]",826
Jean Pellerin,1921,1885,74742,[None],827
"Jules-Louis de Farigoule, dit Jules Romains",1972,1885,168725,[None],828
Albert t'Serstevens,1974,1885,85874,[None],829
"Henri Fournier, dit Alain-Fournier",1914,1886,169193,[[94]],832
Pierre Benoit,1962,1886,252627,"[[105, 94, 107, 195]]",833
"François Carcopino-Tusoli, dit Francis Carco",1958,1886,133458,"[[49, 94]]",834
Jean de La Ville de Mirmont,1914,1896,75822,[None],835
"Roland Lecavelé, dit Roland Dorgelès",1973,1886,153000,[None],836
Geneviève Fauconnier,1969,1886,67506,[[94]],837
Blaise Cendrars,1961,1887,253980,"[[94, 105, 122, 126, 67, 131]]",838
Félix de Chazournes,1940,1887,53282,[[94]],839
Pierre Jean Jouve,1976,1887,217061,[[71]],840
"Jean Mallard de La Varende, dit La Varende",1959,1887,203451,"[[94, 67, 131, 121]]",841
Marcel Martinet,1944,1887,70388,[None],842
Henri Pourrat,1959,1887,300783,"[[94, 127, 121, 161]]",843
"Alexis Léger, dit Saint-John Perse",1975,1887,257246,[None],844
Georges Bernanos,1948,1888,267509,[None],845
Henri Bosco,1976,1888,128385,[[94]],846
Jacques de Lacretelle,1985,1888,126583,[None],847
Albert-Paul Granier,1917,1888,67165,[None],848
Marcel Jouhandeau,1979,1888,111137,[None],849
Paul Morand,1976,1888,268207,"[[94, 67, 131]]",850
Germaine Mornand,1976,1888,87759,[None],851
Madame Conrad Bastien,1889,1888,69136,[None],852
Isaac Moumé Etia,1939,1889,253058,[[161]],853
Germaine Acremant,1986,1889,82646,"[[144, 122, 126]]",854
Jean Cocteau,1963,1889,363622,"[[94, 143]]",855
Tristan Derème,1941,1889,80461,[None],856
Émile Henriot,1961,1889,97068,[[161]],857
Jacques Prado,1928,1889,54860,[None],858
Pierre Reverdy,1960,1889,123919,"[[71, 88]]",859
Charles Silvestre,1948,1889,60445,[None],860
André Birabeau,1974,1890,71814,[None],861
Maurice Blanchard,1960,1890,87133,[[83]],862
Maurice Genevoix,1980,1890,369639,"[[94, 122, 126]]",863
Victor Serge,1947,1890,159735,[None],864
Max Ernst,1976,1891,208138,[None],867
Pierre Drieu la Rochelle,1945,1893,279022,[None],868
Philippe de Zara,1984,1893,53112,[None],869
Claude Cahun,1954,1894,180929,[[231]],870
"Louis Destouches, dit Louis-Ferdinand Céline",1961,1894,477177,"[[161, 94, 167, 259]]",871
Joseph Delteil,1978,1894,88422,[None],872
Pierre Latrobe,1967,1894,39888,[None],873
Roger Vercel,1957,1894,109466,[None],874
Gabriel Chevallier,1969,1895,98413,[[94]],875
Jean-Baptiste Cinéas,1958,1895,54650,[None],876
Albert Cohen,1981,1895,119117,[[94]],877
Henry de Montherlant,1972,1895,275382,"[[94, 161]]",878
Jean des Vallières,1970,1895,119854,[None],879
"Eugène Grindel, dit Paul Eluard",1952,1895,196476,[None],880
Claude Fayet,1986,1895,82002,[[94]],881
Jean Giono,1970,1895,258041,[None],882
Marcel Pagnol,1974,1895,339312,[[149]],883
Antonin Artaud,1948,1896,376239,[[161]],886
André Breton,1966,1896,279808,"[[89, 161, 49]]",887
Elsa Triolet,1970,1896,140957,[None],888
Tristan Tzara,1963,1896,169849,"[[167, 259]]",889
Louis Aragon,1982,1897,336944,"[[94, 161]]",890
Georges Bataille,1962,1897,778025,[None],891
Joë Bousquet,1950,1897,91111,[None],892
Philippe Soupault,1990,1897,139806,"[[94, 161]]",893
Marcel Thiry,1977,1897,65881,"[[94, 67, 131]]",894
Kikou Yamata,1975,1897,68546,[None],895
Emmanuel Bove,1945,1898,85708,"[[94, 67, 131]]",896
Eugène Dabit,1936,1898,130191,[None],897
Michel de Ghelderode,1962,1898,114912,"[[119, 199, 127]]",898
Benjamin Fondane,1944,1898,205237,[[161]],899
Robert Goffin,1984,1898,76583,[None],900
Jean Grenier,1971,1898,87656,[None],901
Philippe Hériat,1971,1898,122107,[[94]],902
Joseph Kessel,1979,1898,221329,[[94]],903
Géo Norge,1990,1898,71046,"[[264, 57, 163]]",904
Paul Vialar,1996,1898,91697,[[94]],905
Roger Vitrac,1952,1899,92881,[None],906
Marcel Achard,1974,1899,180084,[None],907
Marcel Arland,1986,1899,129964,[None],908
Jacques Audiberti,1965,1899,100923,"[[94, 161]]",909
Louis Guilloux,1980,1899,381718,[[94]],910
Suzanne Lauriot Prévost,1991,1899,53114,[None],911
Henri Michaux,1984,1899,190317,[[225]],912
Francis Ponge,1988,1899,164955,[[83]],913
Armand Salacrou,1989,1899,120780,[None],914
Gabriel Audisio,1978,1900,73806,[None],915
Louis Brauquier,1976,1900,93638,[[231]],916
André Chamson,1983,1900,165127,[None],917
Antoine de Saint-Exupéry,1944,1900,358670,"[[161, 94, 89, 127, 165, 83]]",918
Robert Desnos,1945,1900,264475,[[52]],919
André Dhôtel,1991,1900,111483,[[94]],920
Julien Green,1998,1900,176126,[[124]],921
Amadou Hampâté Bâ,1901,1900,127711,[None],922
Georges Limbour,1970,1900,89766,[None],923
Robert Perrein,1980,1900,60925,[None],924
Jacques Prévert,1977,1900,312325,"[[234, 52, 236, 225, 222, 215]]",925
Nathalie Sarraute,1999,1900,127517,[[94]],926
Christiane Saleh,2025,,54737,[None],930
Fatma Bouvet de la Maisonneuve,2025,,76613,[None],932
Michèle Madar,2025,,67220,[[127]],934
Claude Aveline,1901,,134639,[[94]],938
"Henri Petiot, dit Daniel-Rops",1965,1901,143889,[[94]],939
Maurice David,1945,1901,90883,[None],940
Lanza del Vasto,1981,1901,196827,"[[161, 89, 142]]",941
Jean Guitton,1999,1901,166930,[None],942
Claude Jaunière,1989,1901,52879,[None],943
Charles Lecocq,1922,1901,55675,"[[167, 259]]",944
Michel Leiris,1990,1901,183140,"[[122, 126]]",945
Suzanne Lilar,1992,1901,101655,"[[94, 191]]",946
André Malraux,1976,1901,659407,[None],947
Jean Prévost,1944,1901,138681,"[[94, 67, 131]]",948
Jean-Joseph Rabearivelo,1937,1901,124425,[None],949
Alexandre Vialatte,1971,1901,140693,[None],950
Marcel Aymé,1967,1902,265843,"[[94, 67, 131, 161, 142, 127]]",951
Malcolm de Chazal,1981,1902,97436,[None],952
Louise de Vilmorin,1969,1902,135856,[[94]],953
Julien Torma,1933,1902,71844,[[94]],954
"Jean Bruller, dit Vercors",1991,1902,136912,"[[94, 67, 131]]",955
Jean Follain,1971,1903,98069,[None],956
Ella Maillart,1997,1903,119361,[[138]],957
Irène Némirovsky,1942,1903,889930,"[[94, 67, 131, 222, 167, 259, 157]]",958
Raymond Queneau,1976,1903,169962,"[[162, 247]]",959
Raymond Radiguet,1923,1903,137371,[None],960
Lucien Rebatet,1972,1903,155621,"[[167, 259, 94]]",961
Georges Simenon,1989,1903,410590,"[[94, 106, 197, 67, 131, 122, 126]]",962
Jean Tardieu,1995,1903,107198,[None],963
"Marguerite de Crayencour, dite Marguerite Yourcenar",1987,1903,238103,"[[67, 131, 161, 122, 126, 219, 94]]",964
Gilbert Lely,1985,1904,96318,"[[55, 217]]",965
Guy Lévis Mano,1980,1904,83727,[None],966
Madeleine Truel,1945,1904,64277,[None],967
Raymond Aron,1983,1905,258779,[None],968
Noël Devaulx,1995,1905,60747,[None],969
Simone Dever,1977,1905,45941,[None],970
Jean Gaulmier,1997,1905,104426,[None],971
Jean-Paul Sartre,1905,,719202,"[[238, 52, 67, 131, 94]]",973
Georges Schehadé,1989,1905,82909,[None],974
Louis Scutenaire,1987,1905,181666,[None],975
Ferdinand Alquié,1985,1906,102964,[None],978
Jean Amrouche,1962,1906,105120,[None],979
Samuel Beckett,1989,1906,750139,[[94]],980
Jean Blanzat,1977,1906,56202,[[94]],981
Madeleine Bourdouxhe,1996,1906,79541,[None],982
Henri Charrière,1973,1906,101025,[None],983
Achille Chavée,1969,1906,78994,[None],984
Charles Exbrayat,1989,1906,187839,"[[94, 107, 195, 108]]",985
Maurice Fombeure,1981,1906,81629,[None],986
Roger Frison-Roche,1999,1906,106068,"[[122, 126]]",987
Irène Hamoir,1994,1906,98906,[None],988
René Huyghe,1997,1906,135906,[None],989
Pierre Molaine,2000,1906,115323,"[[94, 67, 131]]",990
Maurice Sachs,1945,1906,90327,[None],991
"Georges Soulès, dit Raymond Abellio",1986,1907,141957,"[[94, 125]]",992
Dominique Aury,1998,1907,386953,"[[94, 155, 143]]",993
Maurice Blanchot,2003,1907,205879,"[[94, 135, 229]]",994
René Char,1988,1907,212317,[[73]],995
André Frénaud,1993,1907,78437,[None],996
Paul Gadenne,1956,1907,69146,"[[122, 126]]",997
Roger Gilbert-Lecomte,1943,1907,75695,[None],998
Louis Guillaume,1971,1907,71196,[[124]],999
Eugène Guillevic,1997,1907,125955,[None],1000
Violette Leduc,1972,1907,113011,"[[94, 122, 126, 123]]",1001
Georges Magnane,1985,1907,58068,[None],1002
Roger Peyrefitte,2000,1907,153291,"[[94, 121]]",1003
Jules Roy,2000,1907,136857,[None],1004
Roger Vailland,1965,1907,266840,[[155]],1005
René Daumal,1944,1908,111082,[[161]],1006
Simone de Beauvoir,1986,1908,312768,[None],1007
Claude Lévi-Strauss,2009,1908,608557,[None],1008
Robert Merle,2004,1908,136148,"[[96, 110, 200, 121]]",1009
Simone Weil,1943,1909,414626,[None],1010
Robert Brasillach,1945,1909,358030,[None],1011
Jean d'Osta,1993,1909,67547,[None],1012
Eugène Ionesco,1994,1909,261315,[None],1013
Léo Malet,1996,1909,225988,"[[94, 107, 195, 106, 197, 157]]",1014
André Pieyre de Mandiargues,1991,1909,109509,[None],1015
Henriette Robitaillie,1992,1909,74940,[[183]],1016
Gabrielle Roy,1983,1909,206596,"[[94, 67, 131, 127, 122, 126]]",1017
Jean Anouilh,1987,1910,262343,"[[141, 144, 149, 147]]",1018
Jean Genet,1986,1910,233947,[[94]],1019
Julien Gracq,2007,1910,319849,"[[167, 259, 71, 122, 126, 155]]",1020
Paul Guth,1997,1910,92238,"[[94, 125]]",1021
Jean Meckert,1995,1910,157161,"[[94, 107, 195, 110, 200, 104, 99, 193, 167, 259, 122, 126]]",1022
René Barjavel,1985,1911,149617,"[[94, 67, 131, 161, 110, 200, 111, 204, 119, 199]]",1025
"Édouard Lévèque, dit Jean-Louis Boncoeur",1997,1911,74696,[None],1026
"Jean-Pierre Hervé Bazin, dit Hervé Bazin",1996,1911,184312,"[[94, 123, 67, 131, 161]]",1027
Jean Cayrol,2005,1911,123722,[None],1028
Emil Cioran,1995,1911,259687,"[[225, 124]]",1029
Patrice de la Tour du Pin,1975,1911,83735,[None],1030
"Guy de Pérusse des Cars, dit Guy des Cars",1993,1911,103648,[None],1031
Armel Guerne,1980,1911,164231,[None],1032
André Hardellet,1974,1911,69941,[None],1033
Raphaël Tardon,1967,1911,80822,[None],1034
"Lev Tarassov, dit Henri Troyat",2007,1911,160501,"[[94, 121, 142]]",1035
Jacques Bergier,1978,1912,208171,"[[107, 195, 110, 200]]",1036
Pierre Boulle,1994,1912,193396,"[[94, 105, 110, 200, 183]]",1037
Jacques de Bourbon Busset,2001,1912,133308,[None],1038
Léon-Gontran Damas,1978,1912,213675,[None],1039
Roger Ikor,1986,1912,71715,[None],1040
Edmond Jabès,1991,1912,101731,[None],1041
Jean Lescure,2005,1912,188348,[None],1042
Armand Robin,1961,1912,131620,[None],1043
Taos Amrouche,1976,1913,99594,[None],1044
Henry Bauchau,2012,1913,91475,[None],1045
Antoine-Roger Bolamba,2002,1913,62641,[[161]],1046
Roger Caillois,1978,1913,155131,"[[119, 199]]",1047
Albert Camus,1960,1913,579272,"[[94, 67, 131, 161, 142, 49, 121]]",1048
Aimé Césaire,2008,1913,264254,[[121]],1049
Gilbert Cesbron,1979,1913,108220,"[[94, 127]]",1050
Maurice Colin,1999,1913,47172,[None],1051
Albert Cossery,2008,1913,123274,[[183]],1052
Pierre Daninos,2005,1913,113013,"[[122, 126]]",1053
Luc Dietrich,1944,1913,69930,[None],1054
Mouloud Feraoun,1962,1913,132317,[[94]],1055
Armand Lanoux,1983,1913,89148,[None],1056
"Louis Carette, dit Félicien Marceau",2012,1913,157074,"[[94, 161]]",1057
Dominique Rolin,2012,1913,104501,[None],1058
Claude Simon,2005,1913,210612,[None],1059
Béatrix Beck,2008,1914,101185,[None],1060
Lucien Bodard,1998,1914,88107,[[94]],1061
Georges-Emmanuel Clancier,2018,1914,209439,[None],1062
Suzanne Clausse,2025,1915,51238,"[[99, 193]]",1063
Julio Cortazar,1984,1914,183200,"[[94, 67, 131, 133, 249, 119, 199]]",1064
Marguerite Duras,1996,1914,376656,"[[94, 123, 141]]",1065
Romain Kacew dit Romain Gary ou Émile Ajar,1980,1914,300410,[[94]],1066
Roger Rabiniaux,1986,1914,83704,[None],1067
Robert Rius,1944,1914,71534,[None],1068
Pham Van Ky,1992,1914,55912,[[94]],1069
Jean Anglade,2017,1915,152085,[None],1070
Jacques Choffel,1996,1915,73320,[None],1071
Ahmed Sefrioui,1915,,72101,[[94]],1073
André Bay,2013,1916,87146,[None],1076
Virgil Gheorghiu,1992,1916,102688,[None],1077
Anne Hébert,2000,1916,173213,[None],1078
Georges Arnaud,1987,1917,111714,[None],1079
"Louis Laffitte, dit Jean-Louis Curtis",1995,1917,113743,[None],1080
Mouloud Mammeri,1989,1917,101939,[None],1081
Paul Morelle,2007,1917,57630,"[[167, 259]]",1082
Christiane Rochefort,1998,1917,101895,[None],1083
Louis Althusser,1990,1918,203376,"[[122, 126]]",1084
Marie-Thérèse Colimon Hall,1997,1918,62679,[None],1085
René de Obaldia,2025,1918,184353,[[149]],1086
Maurice Druon,2009,1918,277989,"[[94, 96]]",1087
Louis-René des Forêts,2000,1918,89807,[[94]],1088
"Anatole Bisk, dit Alain Bosquet",1998,1919,104054,[None],1089
René David,2013,1919,91230,[None],1090
Michel Déon,2016,1919,175784,[None],1091
Pierre Gamarra,2009,1919,253587,"[[94, 57, 163, 127, 189]]",1092
Roger Grenier,2017,1919,106609,[None],1093
"Jacques Laurent-Cely, dit Jacques Laurent ou Cécil Saint-Laurent",2000,1919,177691,[None],1094
Maurice Loton,2007,1919,52959,[None],1095
Marc Patin,1944,1919,68760,[None],1096
Robert Pinget,1997,1919,95266,[[94]],1097
Armand Toupet,2006,1919,56403,[None],1098
Jean Venturini,1940,1919,96647,[None],1099
Juliette Benzoni,2016,1920,122081,"[[96, 99, 193]]",1100
Jean-Pierre Chabrol,2001,1920,121447,[None],1101
Jean-François Chabrun,1997,1920,81241,[None],1102
Andrée Chedid,2011,1920,202726,"[[67, 131, 94]]",1103
Émile Danoën,1999,1920,65075,[None],1104
Françoise d'Eaubonne,2005,1920,163593,"[[110, 200]]",1105
Francine de Selve,2002,1920,53137,[None],1106
Mohammed Dib,2003,1920,108670,"[[94, 67, 131, 127]]",1107
Jean Dutourd,2011,1920,194496,[None],1108
Marie-Joseph Lory,1993,1920,59465,[None],1109
Albert Memmi,2025,1920,186560,[None],1110
Jean Pélégri,2003,1920,78690,[[94]],1111
Jean-Charles Pichon,2006,1920,172822,[None],1112
Jeanne Tomasini,2025,1920,55537,[[96]],1113
Boris Vian,1959,1920,690068,"[[235, 236, 110, 200, 94, 121]]",1114
Gabrielle Wittkop,2002,1920,79381,"[[94, 161]]",1115
Jean Aubert,2011,1921,84898,[None],1118
Roger Boussinot,2001,1921,77950,[None],1119
Frédéric Dard,2000,1921,156420,"[[107, 195, 94, 142]]",1120
Christine de Rivoyre,2019,1921,112534,[[125]],1121
Laurence Iché,2007,1921,64592,[None],1122
Gérald Neveu,1960,1921,54985,[None],1123
Jean Lacouture,2015,1921,148845,[None],1124
Frédéric Jacques Temple,2020,1921,133898,[None],1125
René Masson,1988,1922,51942,[None],1126
Antoine Blondin,1990,1922,105043,"[[94, 67, 131]]",1127
Jean-Charles,2003,1922,66014,[None],1128
Jean-Claude Renard,2002,1922,71183,[None],1129
Claude Ollier,2014,1922,89924,[None],1130
Alain Robbe-Grillet,2008,1922,178656,[None],1131
Daniel Boulanger,2014,1922,106088,"[[94, 67, 131]]",1132
Stefan Wul,2003,1922,86190,"[[94, 67, 131, 110, 200]]",1133
Maurice Audebert,2012,1923,52591,[None],1134
Yves Bonnefoy,2016,1923,185119,[None],1135
François Cavanna,2014,1923,182648,[None],1136
Bernard Clavel,2010,1923,176817,[[94]],1137
Roger Foulon,2008,1923,66137,[None],1138
Frédéric Kiesel,2007,1923,69728,[None],1139
Georges Perros,1978,1923,88337,[None],1140
Simone Roger-Vercel,2015,1923,67560,"[[99, 193]]",1141
Robert Sabatier,2012,1923,110243,[None],1142
Ousmane Sembène,2007,1923,138741,[None],1143
Jorge Semprún,2011,1923,228038,"[[94, 142]]",1144
Petru Dumitriu,2002,1924,110271,"[[94, 67, 131, 122, 126, 88, 89]]",1145
François Augiéras,1971,1925,78793,[None],1146
Alphonse Boudard,2000,1925,152172,"[[107, 195, 104, 94]]",1147
Jean d'Ormesson,2017,1925,365536,"[[94, 122, 126, 89, 161]]",1148
Frantz Fanon,1961,1925,280527,[[161]],1149
Philippe Jaccottet,2021,1925,203922,"[[142, 83]]",1150
Michelle Clément-Mainard,2015,1925,57242,[None],1151
Roger Nimier,1962,1925,124688,[[94]],1152
Jean Raspail,2020,1925,208485,"[[94, 105]]",1153
Michel Butor,2016,1926,187316,[[94]],1156
Driss Chraïbi,2007,1926,108113,[[94]],1157
Michel Foucault,1984,1926,503927,[None],1158
Michel Larneuil,2011,1926,64810,[[94]],1159
Jean Sénac,1973,1926,152350,[None],1160
Bernard du Boucheron,2025,1927,65180,[None],1161
Elmira Chackal,2025,1927,56923,[None],1162
Jacques Dupin,2012,1927,87883,[None],1163
René Fallet,1983,1927,120554,[None],1164
Ahmadou Kourouma,2003,1927,117507,[None],1165
François Nourissier,2011,1927,94859,[None],1166
Annie Saumont,2017,1927,59222,"[[67, 131]]",1167
Georges-Jean Arnaud,René Ballet (1928-2017),1928,89396,"[[94, 110, 200, 107, 195, 108, 119, 199]]",1168
Françoise Dorin,2018,1928,109862,[[52]],1169
Édouard Glissant,2011,1928,171235,"[[94, 161]]",1170
Cheikh Hamidou Kane,2025,1928,89112,[None],1171
Suzy Morel,2007,1928,45667,[None],1172
Pierre Schoendoerffer,2012,1928,138963,[None],1173
André Schwarz-Bart,2006,1928,187652,[[94]],1174
Hubert Aquin,1977,1929,185478,"[[94, 161]]",1175
Mariama Bâ,1981,1929,95841,[[94]],1176
Jean Baudrillard,2007,1929,176707,[None],1177
Nicolas Bouvier,1998,1929,121553,[None],1178
François Cheng,2025,1929,141621,[None],1179
Dominique Fernandez,2025,1929,157152,[[94]],1180
Charles Galpérine,2025,1929,53686,[None],1181
Milan Kundera,2025,1929,265661,"[[94, 161]]",1182
Bertrand Poirot-Delpech,2006,1929,113827,"[[94, 161]]",1183
Kateb Yacine,1989,1929,135334,[[161]],1184
Jean Breton,2006,1930,88244,[None],1185
Françoise Mallet-Joris,2016,1930,109232,[None],1186
Dominique Zardi,2009,1930,170505,[None],1187
Philippe Boyer,2025,1931,54727,[None],1190
Jean-Claude Carrière,2025,1931,261895,"[[94, 161, 120, 155, 187]]",1191
Thalie de Molènes,2025,1931,59400,[[94]],1192
Sébastien Japrisot,2003,1931,388717,"[[94, 107, 195]]",1193
Joseph Joffo,2018,1931,177324,[[94]],1194
Mona Ozouf,2025,1931,143028,[None],1195
Gilles Perrault,2025,1931,110682,"[[94, 107, 195, 161, 105, 108, 125]]",1196
Jack Thieuloy,1996,1931,109495,[None],1197
Frédérick Tristan,2025,1931,140164,"[[102, 223]]",1198
Fernando Arrabal,2025,1932,167798,"[[94, 161, 142]]",1199
Mongo Beti,2001,1932,108203,[None],1200
Max Gallo,2017,1932,230554,[[94]],1201
Claude Pujade-Renaud,2025,1932,65305,[None],1202
Claude Alibert,2011,1933,53026,[None],1203
Jacques Godbout,2025,1933,91658,[None],1204
Zaghloul Morsy,2025,1933,47617,[None],1205
Claude-Henri Rocquet,2025,1933,78115,[None],1206
Alain Amselek,2025,1934,92746,[None],1207
Charles Juliet,2025,1934,116371,[None],1208
René-Victor Pilhes,2025,1934,93499,[[94]],1209
Célestin-Virgile Adiko,1977,1935,49949,[None],1210
Bernard Assiniwi,2000,1935,78770,[None],1211
Claude Esteban,2006,1935,110446,[None],1212
Agota Kristof,2011,1935,173873,"[[94, 122, 126]]",1213
"Pierre Ryckmans, dit Simon Leys",2014,1935,380163,[[219]],1214
Lionel Ray,2025,1935,74231,[[161]],1215
"Françoise Quoirez, dite Françoise Sagan",2004,1935,263111,[[94]],1216
Monique Wittig,2003,1935,218002,"[[89, 56, 128, 88]]",1217
Daniel Zimmermann,2000,1935,83163,[None],1218
Ely Boissin,1936,,68086,[None],1222
Anne Cuneo,2015,1936,82903,"[[122, 126, 67, 131, 94]]",1223
Jacques Bellefroid,2025,1936,64697,[None],1224
Christian Dedet,2025,1936,97105,[None],1225
Assia Djebar,2015,1936,201092,[None],1226
Jean-Pierre Basilic Dantor Franck Étienne d'Argent dit Frankétienne,2025,1936,109559,[None],1227
Jean-Edern Hallier,1997,1936,159903,"[[167, 259]]",1228
Jean-René Huguenin,1962,1936,62650,[[94]],1229
Dominique Jamet,2025,1936,150392,[None],1230
Gabriel Matzneff,2025,1936,374563,[[124]],1231
Georges Perec,1982,1936,371969,"[[94, 67, 131]]",1232
Marie Rouanet,2025,1936,224136,"[[94, 67, 131, 49, 122, 126]]",1233
Philippe Sollers,2025,1936,216883,[[123]],1234
Dominique Aguessy,2025,1937,57385,[None],1235
Marc Alyn,2025,1937,70296,[None],1236
Jean-Pierre Bastid,2025,1937,111005,"[[94, 107, 195, 106, 197]]",1237
Pierre Billon,2025,1937,68161,"[[94, 110, 200]]",1238
Janine Boissard,2025,1937,85134,"[[94, 122, 126]]",1239
Andrée Brunin,1993,1937,66381,[None],1240
Maryse Condé,2025,1937,322064,[[96]],1241
Conrad Detrez,1985,1937,106697,[[94]],1242
John Dubouchet,2025,1937,63109,[None],1243
Vénus Khoury-Ghata,2025,1937,106014,[None],1244
Jean Métellus,2014,1937,87396,[None],1245
Pierre Pachet,2016,1937,94357,[None],1246
Lucien Vassal,2025,1937,58627,[None],1247
Frantz-André Burguet,2011,1938,68262,[None],1248
Jean-René Guay,2001,1938,53566,[None],1249
Jean-Louis M. Monod,2025,1938,58185,"[[119, 199]]",1250
Bernard Ollivier,2025,1938,67939,[None],1251
Simone Schwarz-Bart,2025,1938,102073,[[142]],1252
Julie Stanton,2025,1938,60117,"[[89, 94]]",1253
Marie-Claire Blais,2025,1939,135692,"[[67, 131]]",1254
Pierre Desproges,1988,1939,262452,"[[225, 222, 234]]",1255
Jean-Pierre Desthuilliers,2013,1939,87336,[None],1256
Pierre Mertens,2025,1939,85258,[[94]],1257
Joëlle Stagoll,2016,1939,60638,[None],1258
Réda Chimcrit,2005,1940,44580,[None],1259
Pierre Combescot,2025,1940,75354,[None],1260
Annie Ernaux,2025,1940,218541,"[[122, 126, 123, 157]]",1261
Nabile Farès,2025,1940,81340,[None],1262
Gérard Guégan,2025,1940,79524,[None],1263
Pierre Guyotat,2020,1940,163604,[[142]],1264
Jean-Marie Gustave Le Clézio,2025,1940,300983,"[[94, 67, 131, 161, 127, 122, 126, 240]]",1265
Lamine Kamara,2025,1940,50999,[None],1266
Émile Ollivier,2002,1940,68669,[None],1267
Yambo Ouologuem,2025,1940,112728,[[96]],1268
Maurice Thuilière,2025,1940,53904,[[83]],1269
Jean-Luc Benoziglio,2013,1941,71100,[None],1272
Jean-Paul Demure,2025,1941,86952,"[[94, 67, 131, 107, 195, 96, 106, 197]]",1273
Mohammed Khaïr-Eddine,1995,1941,58832,[None],1274
Jean Marcel,2025,1941,76045,[None],1275
Anne-Marie Simond,2025,1941,94149,[[183]],1276
Claude-Emmanuelle Yance,2025,1941,67890,"[[67, 131]]",1277
Denise Bernhardt,2025,1942,67131,[None],1278
Abdoulaye Y. Dabo,2025,1942,50513,"[[67, 131]]",1279
Georges-Noël Jeandrieu,2025,1942,45882,[None],1280
Stéphane Krebs,2025,1942,82756,[None],1281
Vassilis Alexakis,2025,1943,108365,"[[94, 89]]",1282
Jacques-Pierre Amette,2025,1943,92751,[None],1283
François Barat,2025,1943,62100,[None],1284
Jean-Claude Clari,2025,1943,60406,[None],1285
Christian Gailly,2013,1943,86717,[[94]],1286
Leslie Kaplan,2025,1943,88299,[None],1287
Charles Lancar,2025,1943,60174,[[94]],1288
Michel Loirette,2025,1943,57800,[None],1289
Jacques Manguso,2025,1943,51626,[None],1290
Jacques-Arnaud Penent,1994,1943,66596,[[94]],1291
Giulio-Enrico Pisani,2025,1943,65452,[None],1292
Jean Simoneau,2025,1943,54169,[None],1293
Jean C. Baudet,2025,1944,77734,[None],1294
Tahar Ben Jelloun,2025,1944,144677,[None],1295
Annie Cohen,[1],1944,70278,[None],1296
Daniel de Roulet,2025,1944,98942,[None],1297
Paul Emond,2025,1944,73875,[None],1298
Ahmad Kamyabi Mask,2025,1944,65640,[None],1299
Claire Fourier,2025,1944,81179,[[157]],1300
Cécil Guitart,2010,1944,63520,[None],1301
Bernard Lenteric,2009,1944,72432,[None],1302
Daniel Pennac,2025,1944,170039,"[[94, 161, 183]]",1303
Jean-Christian Petitfils,2025,1944,141515,[None],1304
Jean-Claude Rodet,2025,1944,83433,[None],1305
Frédéric Vitoux,2025,1944,121776,[None],1306
Gérard Adam,2025,1945,64303,[None],1307
Azzédine Bounemeur,2025,1945,52819,[None],1308
Philippe Muray,2006,1945,175517,"[[94, 107, 195]]",1309
Marie-France Briselance,2018,1945,148501,[None],1310
Françoise Chandernagor,2025,1945,95126,[None],1311
Alioune Badara Coulibaly,2025,1945,90175,[None],1312
Bernard Desmaretz,2006,1945,64200,[None],1313
Thomas Dretart,2025,1945,83134,[None],1314
Tony Duvert,2008,1945,191693,"[[107, 195]]",1315
Max Genève,2025,1945,66366,"[[107, 195, 94, 67, 131]]",1316
Michel-Georges Micberth,2025,1945,115479,"[[167, 259]]",1317
Pierre Michon,2025,1945,120650,"[[67, 131, 94, 121]]",1318
Patrick Modiano,2025,1945,308337,"[[161, 94, 121, 123]]",1319
Raymond Penblanc,2025,1945,59940,"[[67, 131, 122, 126]]",1320
Katy Rémy,2025,1945,53209,[None],1321
Michel Rio,2025,1945,82696,"[[94, 67, 131]]",1322
Chantal Thomas,2025,1945,129767,[[94]],1323
Jean Alambre,2025,1946,65122,[None],1326
Francis Berthelot,2025,1946,87657,"[[94, 67, 131, 110, 200, 119, 199, 116, 205]]",1327
Renaud Camus,2025,1946,289870,"[[124, 94]]",1328
Jean-Yves Collette,2025,1946,81479,[None],1329
Florence de Baudus,2025,1946,68947,[None],1330
André-Joseph Dubois,2025,1946,56291,[None],1331
Angèle Koster,2025,1946,46967,[None],1332
Jean-Robert Léonidas,2025,1946,64797,[None],1333
Nicole Malinconi,2025,1946,62543,[None],1334
Lionel Marek,2025,1946,65710,[None],1335
Bernard-Roger Mathieu,2025,1946,52170,[None],1336
Patrick Rambaud,2025,1946,106483,"[[94, 183]]",1337
Liliane Schraûwen,2025,1946,69941,"[[67, 131]]",1338
Fady Stephan,2025,1946,65822,[None],1339
Monique Thomassettie,2025,1946,57576,[None],1340
Valery Afanassiev,2025,1947,74680,[None],1341
Étienne Barilier,2025,1947,72001,[None],1342
Joëlle Brethes,2025,1947,65783,[None],1343
Georges-Olivier Châteaureynaud,2025,1947,93226,"[[67, 131, 102]]",1344
Hélène de Monferrand,2025,1947,50987,"[[94, 107, 195]]",1345
Jean Echenoz,2025,1947,126599,[[94]],1346
Paul Fournel,2025,1947,85416,[None],1347
René Frégni,2025,1947,80573,"[[67, 131]]",1348
Erik Orsenna,2025,1947,170567,[None],1349
Jacques Géraud,2025,1947,60719,[None],1350
Guy Goffette,2025,1947,86886,[None],1351
Patrick Grainville,2025,1947,219517,"[[94, 122, 126, 119, 199, 67, 131, 121]]",1352
Jacques Jouet,2025,1947,92169,"[[94, 67, 131]]",1353
Richard Khaitzine,2025,1947,71382,[None],1354
Sony Labou Tansi,1995,1947,91026,[[94]],1355
Robert Lalonde,2025,1947,84844,[[94]],1356
Jack-Alain Léger,2013,1947,128143,[[94]],1357
Michèle Lesbre,2025,1947,77934,"[[94, 107, 195, 67, 131, 106, 197]]",1358
Jean Maillet,2025,1947,70421,[None],1359
Daniel Maximin,2025,1947,106484,[None],1360
Tierno Monénembo,2025,1947,111823,[None],1361
Abdallah Naaman,2025,1947,88179,[None],1362
Patrick Poivre d'Arvor,2025,1947,481314,[None],1363
Jean-Benoît Puech,2025,1947,118234,[None],1364
Patrick Roegiers,2025,1947,180318,[None],1365
Olivier Rolin,2025,1947,76990,[[94]],1366
Élisabeth Vonarburg,2025,1947,124994,"[[94, 67, 131, 110, 200, 116, 205]]",1367
Bernard-Marie Koltès,1989,1948,146727,[None],1368
Jean-Pierre Poccioni,2025,1948,48805,[None],1369
Pascal Quignard,2025,1948,170050,"[[127, 94, 135, 229]]",1370
Gonzague Saint Bris,2017,1948,133392,[None],1371
Pierre Bergounioux,2025,1949,225967,[None],1372
Guy Charmasson,2025,1949,55222,[None],1373
Béatrice Commengé,2025,1949,54925,[None],1374
Didier Daeninckx,2025,1949,262173,"[[94, 67, 131, 161, 107, 195, 183]]",1375
Annie Degroote,2025,1949,86214,[None],1376
Philippe Djian,2025,1949,203331,"[[94, 67, 131, 52]]",1377
Christiane Dupuy,2025,1949,47514,[[94]],1378
Michel Ferracci-Porri,2025,1949,65470,"[[94, 121, 104]]",1379
Pascal Garnier,2025,1949,70794,"[[94, 107, 195]]",1380
Jean-Claude Hauc,2025,1949,61543,[None],1381
Monique Jouvancy,2025,1949,57520,"[[94, 67, 131]]",1382
Amin Maalouf,2025,1949,210341,[[183]],1383
Christian Oster,2025,1949,94770,"[[94, 107, 195]]",1384
Jean Rolin,2025,1949,83628,[None],1385
Cizia Zykë,2011,1949,72960,"[[122, 126, 94]]",1386
Michel Baglin,2025,1950,71324,[[94]],1387
Colette Brogniart,2025,1950,77164,[None],1388
Gilles Carpentier,2025,1950,63016,[None],1389
Laurence Cossé,2025,1950,96065,"[[94, 67, 131, 142]]",1390
Jean-Paul Dubois,2025,1950,203390,[None],1391
Ghislaine Dunant,2025,1950,92632,[None],1392
Philippe Delerm,2025,1950,137303,"[[94, 67, 131, 161, 71]]",1393
Roger Martin,2025,1950,113791,"[[107, 195, 106, 197]]",1394
Jean-Claude Michéa,2025,1950,98392,[None],1395
Richard Morgiève,2025,1950,158212,"[[107, 195]]",1396
Tidiane N'Diaye,2025,1950,84945,"[[161, 94]]",1397
Ernest Pépin,2025,1950,99076,[None],1398
Pierre Perrin de Chassagne,2025,1950,57600,[None],1399
Gilbert Ponaman,2025,1950,66610,[[94]],1400
Abdelhak Serhane,2025,1950,61989,[None],1401
Antoine Volodine,2025,1950,101809,"[[94, 110, 200]]",1402
Dave Wilson,2012,1950,53986,[None],1403
Christian Bobin,2025,1951,109478,"[[135, 229, 94, 124]]",1406
Aziz Chouaki,2025,1951,84758,"[[67, 131, 57, 163]]",1407
Michelle Fourez,2025,1951,55119,[None],1408
Ramdane Issaad,2025,1951,55502,[None],1409
Salim Jay,2025,1951,61648,[None],1410
Moussa Konaté,2025,1951,86756,"[[94, 107, 195]]",1411
Pierre Lemaitre,2025,1951,162560,"[[94, 96]]",1412
Lémy Lémane Coco,2025,1951,86688,[None],1413
Bernard Simonay,2025,1951,69081,"[[119, 199, 107, 195, 105, 96]]",1414
Hamid Tibouchi,2025,1951,94104,[None],1415
Françoise Bourdin,2025,1952,99329,[None],1416
René de Ceccatty,2025,1952,107307,[[123]],1417
Patrick Cloux,2025,1952,89344,[None],1418
François Emmanuel,2025,1952,78279,[None],1419
Dan Franck,2025,1952,104032,[None],1420
Percy Kemp,2025,1952,68725,[None],1421
Jean Rouaud,2025,1952,109648,[None],1422
Henri Sacchi,2025,1952,65499,[[94]],1423
Kama Sywor Kamanda,2025,1952,122886,"[[103, 127]]",1424
Gérald Tenenbaum,2025,1952,83761,[None],1425
Guy Allix,2025,1953,69007,[None],1426
Raphaël Aubert,2025,1953,79279,[None],1427
François Bon,2025,1953,142177,[None],1428
Françoise Bourdon,2025,1953,61601,[None],1429
Patrick Breuzé,2025,1953,59745,[None],1430
Patrick Chamoiseau,2025,1953,125734,[None],1431
Jan J. Dominique,2025,1953,62797,[[94]],1432
Nancy Huston,2025,1953,144057,"[[60, 263]]",1433
Dany Laferrière,2025,1953,276333,[None],1434
Richard Millet,2025,1953,133750,"[[107, 195, 110, 200]]",1435
Mariama Ndoye,2025,1953,59724,[None],1436
Ramzi T. Salamé,2025,1953,63023,[None],1437
Romain Slocombe,2025,1953,129875,"[[94, 107, 195, 183]]",1438
Jeannette D. Ahonsou,2025,1954,60140,[None],1439
Alain Blottière,2025,1954,153495,[None],1440
Patrick Cintas,2025,1954,48549,[None],1441
Guy Darol,2025,1954,78814,"[[94, 161, 122, 126, 121]]",1442
Daniel Desbiens,2025,1954,46437,"[[225, 222]]",1443
Tahar Djaout,1993,1954,127384,[None],1444
Jacques Drillon,2025,1954,121417,[None],1445
Laurent Ségalen,2025,1954,56010,[None],1446
Akli Tadjer,2025,1954,63093,[None],1447
Christian Combaz,2025,1954,86961,[None],1448
Mercedes Deambrosis,2025,1955,58393,[None],1449
Hervé Guibert,1991,1955,145829,[[123]],1450
Martine L. Jacquot,2025,1955,100313,"[[67, 131]]",1451
Régis Jauffret,2025,1955,125284,[[94]],1452
Catherine Laboubée,2025,1955,63378,[[121]],1453
Caroline Lamarche,2025,1955,68436,[None],1454
Philippe Leuckx,2025,1955,70108,[None],1455
Camara Nangala,2025,1955,60174,"[[67, 131, 94]]",1456
Jean-Pierre Naugrette,2025,1955,54897,[[94]],1457
Dynah Psyché,2025,1955,55025,[None],1458
Claude Ribbe,2025,1954,73744,[None],1459
Eugène Savitzkaya,2025,1955,92080,[None],1460
Jean-Pierre Vallotton,2025,1955,86828,[None],1461
Serge Venturini,2025,1955,92240,[[73]],1462
Michel Houellebecq,2025,1956,378931,"[[161, 60, 263]]",1465
Richard Bellon,2025,1956,46055,[None],1466
Patrick Besson,2025,1956,147699,"[[94, 167, 259]]",1467
Alain Breton,2025,1956,62717,[None],1468
Christian Faure,2025,1957,96670,[None],1469
Lionel-Édouard Martin,2025,1956,105350,[None],1470
Éric Neuhoff,2025,1956,83852,"[[167, 259]]",1471
Gisele Pineau,2025,1956,77045,[None],1472
Rober Racine,2025,1956,86843,[None],1473
Jean-Pierre Thiollet,2025,1956,111040,[None],1474
Lyonel Trouillot,2025,1956,96495,[None],1475
Azouz Begag,2025,1957,166998,[None],1476
Emmanuel Carrère,2025,1957,186463,[[94]],1477
Laurent Chabin,2025,1957,51055,"[[67, 131]]",1478
Marie-Josée Christien,2025,1957,85411,[None],1479
Umberto D'Aloise,2025,1957,46190,[None],1480
Alain Defossé,2025,1957,71409,[None],1481
Bernard Deloupy,2025,1957,63217,[None],1482
Patrick Deville,2025,1957,81107,"[[94, 96]]",1483
Marc Dugain,2025,1957,101234,"[[94, 67, 131]]",1484
Isabelle Flaten,2025,1957,58415,"[[89, 94, 67, 131]]",1485
Camille Laurens,2025,1957,153708,"[[94, 123]]",1486
Hervé Le Tellier,2025,1957,130399,"[[94, 67, 131, 135, 229]]",1487
Salvatore Lombardo,2025,1957,78826,[None],1488
Andreï Makine,2025,1957,153718,[None],1489
Arnauld Pontier,2025,1957,68475,[None],1490
Youssef Rzouga,2025,1957,63488,[None],1491
Jean-Philippe Toussaint,2025,1957,110718,[None],1492
Pierre Yergeau,2025,1957,96573,"[[67, 131]]",1493
Fred Vargas,2025,1957,254918,"[[94, 107, 195]]",1494
Wei Wei,2025,1957,53850,[None],1495
Christian Astolfi,2025,1958,81724,[None],1496
Thierry Beinstingel,2025,1958,61339,[None],1497
Alain Bonnand,2025,1958,46339,[None],1498
Olivier Delorme,2025,1958,75614,[None],1499
Jean-Luc Dubart,2025,1958,55186,[[127]],1500
Philippe Fournier,2025,1958,57032,[None],1501
Bernard Grasset,2025,1958,64961,[None],1502
Patrice Lanoy,2025,1958,59625,[None],1503
Yves Laplace,2025,1958,57179,[None],1504
Marc-Édouard Nabe,1958,,345097,"[[124, 167, 259, 225, 170]]",1506
Denis Robert,2025,1958,182961,[[94]],1507
Gaétan Soucy,2013,1958,84829,"[[94, 67, 131]]",1508
Éric Zemmour,2025,1958,795844,"[[94, 111, 204]]",1509
Christine Angot,2025,1959,266045,"[[94, 123, 257]]",1510
Belinda Cannone,2025,1959,98923,[[94]],1511
Michel Cordeboeuf,2025,1959,68850,[None],1512
Barbara Constantine,2025,1959,54506,[None],1513
Benoît Damon,2025,1959,54911,[None],1514
Maurice G. Dantec,2016,1959,149961,"[[94, 67, 131, 107, 195, 110, 200, 112, 201, 106, 197]]",1515
Maryline Desbiolles,2025,1959,80038,[None],1516
Markus Hediger,2025,1959,71007,[None],1517
Jérôme Hesse,2025,1959,53238,[None],1518
Alain Marc,2025,1959,173888,"[[67, 131, 88, 124, 231, 135, 229, 97, 138]]",1519
Pierre Mérot,2025,1959,65626,[None],1520
Yasmina Reza,2025,1959,142436,[[94]],1521
Benjamin Sehene,2025,1959,57459,[None],1522
Yves-Marie Adeline,2025,1960,84696,[None],1523
Bernard Comment,2025,1960,70784,"[[94, 67, 131, 161]]",1524
Milan Dargent,2025,1960,41296,[None],1525
Grégoire Delacourt,2025,1960,99102,[[94]],1526
Alina Dumitrescu,2025,1960,69674,"[[89, 94]]",1527
Stéphane Ferret,2025,1960,99785,[None],1528
Éric Fottorino,2025,1960,122820,[[94]],1529
Xavier Hanotte,2025,1960,184152,[None],1530
Philippe Lafitte,2025,1960,62640,[None],1531
Ariane Le Fort,2025,1960,53805,[None],1532
Simon Liberati,2025,1960,79957,[[94]],1533
Charif Majdalani,2025,1960,70863,[None],1534
Viviane Moore,2025,1960,92217,[[94]],1535
Éric-Emmanuel Schmitt,2025,1960,186996,"[[67, 131, 94, 89, 122, 126]]",1536
Anne Serre,2025,1960,83904,"[[67, 131, 94]]",1537
François Vallejo,2025,1960,47913,[[94]],1538
Jean-Christophe Chaumette,2025,1961,68933,"[[94, 67, 131, 96, 119, 199]]",1541
Ying Chen,2025,1961,64519,[[94]],1542
Antoine Billot,2025,1961,63806,[None],1543
Jean-Christophe Grangé,2025,1961,145849,[None],1544
Marc Levy,2025,1961,157988,[[94]],1545
Tatiana de Rosnay,2025,1961,141196,[None],1546
Valérie Valère,1982,1961,76383,[None],1547
Bernard Werber,2025,1961,197833,"[[94, 110, 200, 165, 107, 195, 88, 67, 131]]",1548
Alain Beaulieu,2025,1962,97794,"[[94, 141, 67, 131]]",1549
Hedia Bensahli,2025,1962,55271,[[94]],1550
Philippe Claudel,2025,1962,181591,"[[94, 67, 131]]",1551
Patrick Bouvet,2025,1962,54067,[None],1552
Kossi Efoui,2025,1962,59398,[None],1553
Sophie Fontanel,2025,1962,74944,[None],1554
Ferréol Gassackys,2025,1962,59218,[None],1555
Serge Kribus,2025,1962,75995,[None],1556
Jean-Yves Masson,2025,1962,75601,[[94]],1557
Philippe Morvan,2025,1962,71251,[None],1558
Jean-Marc Parisis,2025,1962,76442,[None],1559
Atiq Rahimi,2025,1962,86967,[None],1560
Brice Torrecillas,2025,1962,77080,[None],1561
Serge Lamothe,2025,1963,98615,[None],1562
Éric Faye,2025,1963,98793,"[[94, 67, 131]]",1563
Hervé Mestron,2025,1963,93641,[None],1564
Kevin Bokeili,2025,1963,53454,"[[94, 110, 200, 127]]",1565
Saley Boubé Bali,2025,1963,72965,[None],1566
Laurent Grison,2025,1963,121810,[None],1567
Béatrice Hammer,2025,1963,60780,[[142]],1568
Alexis Jenni,2025,1963,84364,"[[94, 122, 126]]",1569
Nathalie Kuperman,2025,1963,93548,[None],1570
Alain Agat,2025,1964,62565,"[[107, 195]]",1571
Michèle Astrud,2025,1964,63917,[None],1572
Stéphane Audeguy,2025,1964,83176,[[94]],1573
Pierre Bottero,2009,1964,91451,"[[94, 116, 205, 187]]",1574
Éric Chevillard,2025,1964,86895,"[[122, 126, 123]]",1575
Seyhmus Dagtekin,2025,1964,56635,[None],1576
Philippe Di Folco,2025,1964,107261,[[121]],1577
Frédéric Lenormand,2025,1964,191758,"[[94, 107, 195]]",1578
Patrick Lowie,2025,1964,117600,[None],1579
Isabelle Marrier,2025,1964,62716,[[94]],1580
Stéphane Méliade,2025,1964,63383,"[[67, 131, 119, 199, 110, 200]]",1581
Xavier Milan,2025,1964,52627,[None],1582
Philippe Ségur,2025,1964,136160,[[94]],1583
Gordon Zola,2025,1964,83146,"[[196, 173]]",1584
Mikhaïl W. Ramseier,2025,1964,95657,[None],1585
Patrice-Loup Rifaux,2025,1964,47481,[None],1586
Hiner Saleem,2025,1964,81307,[None],1587
Ramy Zein,2025,1965,69253,[None],1588
Frédéric Beigbeder,2025,1965,266266,"[[94, 67, 131]]",1589
Jean-Paul Carminati,2025,1965,83185,"[[167, 259]]",1590
Philippe Guénin,1965,,115126,[None],1592
Pierre Guéry,2025,1965,90531,[None],1593
Gilles Legardinier,2025,1965,103227,"[[107, 195]]",1594
Marc Magro,2025,1965,53185,[None],1595
Anne Poiré,2025,1965,113116,[None],1596
Didier Pourquié,2025,1965,48138,[None],1597
Olivia Rosenthal,2025,1965,116035,[[94]],1598
Ann Scott,2025,1965,73402,[None],1599
Cédric Bannel,2025,1966,97654,[None],1602
Anne Calife,2025,1966,91770,[[94]],1603
Jean-Philippe Cazier,2025,1966,64345,[None],1604
Olivier Challet,2025,1966,58510,[None],1605
Fabrice Defferrard,2025,1966,112723,[None],1606
Agnès Desarthe,2025,1966,101785,[[94]],1607
Delphine de Vigan,2025,1966,145548,"[[94, 122, 126, 67, 131]]",1608
Christophe Fiat,2025,1966,71118,[None],1609
Marc Graciano,2025,1966,67623,[[94]],1610
Olivier Hodasava,2025,1966,59914,[None],1611
Éric Laurrent,2025,1966,60160,[None],1612
Isabelle Lorédan,2025,1966,54727,[None],1613
Sophie Loubière,2025,1966,93567,"[[94, 183, 106, 197]]",1614
Alain Mabanckou,2025,1966,203942,"[[94, 257]]",1615
Carole Martinez,2025,1966,70264,[[94]],1616
Loïc Barrière,2025,1967,52518,[None],1617
Philippe Besson,2025,1967,176536,"[[94, 89]]",1618
Nina Bouraoui,2025,1967,118704,"[[94, 123]]",1619
Maylis de Kerangal,2025,1967,135237,[[94]],1620
Caryl Ferey,2025,1967,169095,"[[94, 107, 195, 143, 106, 197]]",1621
Michaël Ferrier,2025,1967,91497,[None],1622
Régis Goddyn,2025,1967,80796,"[[94, 67, 131, 116, 205, 110, 200]]",1623
Philippe Gourdin,2025,1967,67871,[None],1624
Jonathan Littell,2025,1967,109791,"[[94, 110, 200, 112, 201]]",1625
Laurent Mauvignier,2025,1967,121330,[[94]],1626
Alexandre Najjar,2025,1967,112112,[None],1627
Marie NDiaye,2025,1967,137732,"[[94, 67, 131, 142]]",1628
Françoise Nimal,2025,1967,44377,[None],1629
Amélie Nothomb,2025,1967,346276,"[[94, 67, 131, 123, 174, 107, 195, 97]]",1630
Anne Révah,2025,1967,53247,[None],1631
Gilles Sebhan,2025,1967,66092,[None],1632
Patrick Senécal,2025,1967,108498,"[[94, 67, 131, 119, 199, 120, 107, 195]]",1633
Frank Leduc,2025,1968,53824,"[[94, 111, 204]]",1634
Alexandre Bergamini,2025,1968,59238,[None],1635
Fabrice Bourland,2025,1968,62537,"[[94, 67, 131, 119, 199, 110, 200]]",1636
Guillaume de Fonclare,2025,1968,57950,[None],1637
Isabelle Desesquelles,2025,1968,66243,[[94]],1638
Fatou Diome,2025,1968,112894,[[94]],1639
Christophe Ferré,2025,1968,88231,[None],1640
Paul Ivoire,2025,1968,53490,[[94]],1641
Carla Lucarelli,2025,1968,54452,[None],1642
François Métais-Panterne,1986,1968,437621,"[[135, 229, 225, 233, 50, 54, 83, 68, 60, 263, 215, 162, 247, 85, 76, 77]]",1643
Yann Moix,2025,1968,343753,[[94]],1644
Wajdi Mouawad,2025,1968,170976,[None],1645
Bryan Perro,2025,1968,87481,"[[116, 205]]",1646
Laurence Plazenet,2025,1968,59705,[None],1647
Thierry Poyet,2025,1968,69118,[[121]],1648
Éliette Abécassis,2025,1969,128489,"[[94, 107, 195]]",1649
Muriel Barbery,2025,1969,81540,[[94]],1650
Valérie Boronad,2025,1969,50760,[None],1651
Laurent de Graeve,2001,1969,56500,[None],1652
Virginie Despentes,2025,1969,345292,"[[183, 107, 195, 94, 187, 185, 122, 126]]",1653
Louis Émond,2025,1969,60103,[None],1654
Victor Kathémo,2025,1969,49348,[[94]],1655
Blandine Le Callet,2025,1969,85034,"[[94, 161, 183]]",1656
Pierre Ménard,2025,1969,77423,[None],1657
Christophe Spielberger,2025,1969,45527,[None],1658
Joël Egloff,2025,1970,80509,[None],1659
Anna Gavalda,2025,1970,128883,"[[94, 67, 131]]",1660
Vincent Hein,2025,1970,66223,[None],1661
Johan Heliot,2025,1970,92376,"[[94, 67, 131, 110, 200, 119, 199, 113, 202]]",1662
Christophe Honoré,2025,1970,173272,[None],1663
Nicolas Lebel,2025,1970,70211,[None],1664
Béatrice Leca,2025,1970,50804,[None],1665
Frédéric Livyns,2025,1970,90380,"[[119, 199, 120]]",1666
Mamadou Mahmoud N'Dongo,2025,1970,111479,"[[94, 67, 131, 89, 146]]",1667
Éric Hossan,2025,1970,59166,[[196]],1668
Thomas Paris,2025,1970,48603,[None],1669
Jennifer Tellier,2025,1970,48829,"[[116, 205]]",1670
Gwenaëlle Aubry,2025,1971,155251,[None],1673
Sereine Berlottier,2025,1971,72028,[None],1674
J.M. Erre,2025,1971,90729,"[[94, 183, 103]]",1675
Anne Godard,2025,1971,53890,[[94]],1676
Nicolas Rozier,2025,1971,129997,"[[89, 94]]",1677
Sigrid Baffert,2025,1972,80549,[None],1678
Jean-Baptiste Baronian,2025,1972,97374,"[[119, 199]]",1679
Samira Bellil,2004,1972,73282,[None],1680
Dominique Dupart,2025,1972,58499,[None],1681
Laurent Eltschinger,2025,1972,55033,[None],1682
Mathias Enard,2025,1972,151569,[[94]],1683
Nicolas Fargues,2025,1972,65180,[None],1684
Laurent Gaudé,2025,1972,104623,[None],1685
Karelle Ménine,2025,1972,66177,[None],1686
Valérie Mréjen,2025,1972,93323,[[94]],1687
Mathieu Simonet,2025,1972,81340,[None],1688
Sylvain Tesson,2025,1972,197304,"[[67, 131]]",1689
Roland Michel Tremblay,2025,1972,59178,"[[110, 200]]",1690
Pierre Vabre,2025,1972,52816,[None],1691
Chloé Delaume,2025,1973,141505,"[[123, 94, 272]]",1692
Jean-Marc Dhainaut,2025,1973,67736,"[[94, 119, 199]]",1693
Thierry Froger,2025,1973,62563,[None],1694
Mehdi Belhaj Kacem,2025,1973,118221,[None],1695
Nicolas Rey,2025,1973,76124,[None],1696
Tanguy Viel,2025,1973,90019,[[94]],1697
Franck Thilliez,2025,1973,149989,"[[94, 107, 195, 67, 131]]",1698
Olivier Adam,2025,1974,124177,[[94]],1699
David Foenkinos,2025,1974,141592,"[[94, 67, 131, 183]]",1700
Eloïse Lièvre,2025,1974,57290,"[[94, 123, 122, 126]]",1701
Philippe Marczewski,2025,1974,56722,[[94]],1702
Guillaume Musso,2025,1974,139015,[[94]],1703
Nelly Arcan,2009,1975,98878,[[123]],1704
Olivier Benyahya,2025,1975,56311,[[94]],1705
Erwan Gabory,2025,1975,46933,[None],1706
Céline Curiol,2025,1975,83715,"[[103, 94]]",1707
Cyril Massarotto,2025,1975,54393,[None],1708
Marie Rotkopf,2025,1975,59525,[None],1709
Miriam Silesu,1999,1975,47963,[None],1710
Samantha Barendson,2025,1976,68096,[None],1713
Delphine Bertholon,2025,1976,51916,[[94]],1714
Gautier Battistella,2025,1976,53387,[[94]],1715
Romaine Cauque,2025,1976,65228,[None],1716
Maxime Chattam,2025,1976,105022,"[[94, 107, 195]]",1717
Marisol Drouin,2025,1976,64924,[None],1718
Caroline De Mulder,2025,1976,76199,[[94]],1719
Ludo Sterman,2025,1976,52566,"[[106, 197]]",1720
Mathieu Brosseau,2025,1977,75695,[[94]],1721
Marion Chemin,2025,1977,64805,[None],1722
Gaël Octavia,2025,1977,92837,[[94]],1723
Stéphanie Polack,2025,1977,69319,[[94]],1724
Valentin Retz,2025,1977,60562,[None],1725
Stéphanie Vincent,2025,1977,66607,[None],1726
Julien Campredon,2025,1978,63375,[None],1727
Jean-François Dauven,2025,1978,45941,[[94]],1728
Laure Manel,2025,1978,65504,[None],1729
Nicolas Mathieu,2025,1978,103105,"[[94, 107, 195]]",1730
Grégoire Polet,2025,1978,60120,[None],1731
Saphia Azzeddine,2025,1979,79377,[[183]],1732
Victor Dixen,2025,1979,70679,"[[94, 119, 199, 110, 200]]",1733
Guillaume Favre,2025,1979,56979,[None],1734
Salvatore Minni,2025,1979,66353,"[[107, 195]]",1735
Rachel Monnat,2025,1979,66365,[None],1736
Hicham Nazzal,2025,1979,165429,[None],1737
Souillon,2025,1979,76623,[None],1738
Lodewijk Allaert,2025,1980,82729,[None],1739
Julie Annen,2025,1980,67053,[None],1740
Jennifer Richard,2025,1980,63909,[None],1741
David Rochefort,2025,1980,68617,[None],1742
Linda Maria Baros,2025,1981,171059,[None],1745
Marie Colot,2025,1981,72384,[None],1746
Laetitia Constant,2025,1981,53964,[None],1747
Jean-Baptiste Del Amo,2025,1981,81171,[[94]],1748
Jessica Fièvre,2025,1981,58696,[None],1749
Matthieu Gosztola,2025,1981,84105,[None],1750
Virgile Pitteloud,2025,1981,66359,[None],1751
Celia Levi,2025,1981,59690,[[97]],1752
Guillaume Suzanne,2025,1981,69967,"[[94, 67, 131, 116, 205, 119, 199, 110, 200, 107, 195, 106, 197]]",1753
Dominic Bellavance,2025,1982,67895,"[[94, 116, 205]]",1754
Rémi Bertrand,2025,1982,54028,[None],1755
Célia Ibanez,2025,1982,73629,"[[110, 200, 112, 201]]",1756
Ariel Kenig,2025,1983,68022,[None],1757
Sabri Louatah,2025,1983,59839,[[94]],1758
Vincent Message,2025,1983,79659,"[[107, 195]]",1759
Gaëlle Bélem,2025,1984,59274,[[94]],1760
Maylis Adhémar,2025,1985,56940,[None],1761
Joël Dicker,2025,1985,91834,"[[94, 67, 131]]",1762
Faïza Guène,2025,1985,326136,"[[94, 144]]",1763
Handgod Abraham,2025,1986,78893,[None],1766
Arthur Dreyfus,2025,1986,141808,[None],1767
Ali Zamir,2025,1987,124025,"[[94, 127, 67, 131, 122, 126]]",1768
François-Henri Désérable,2025,1987,115759,[None],1769
Annie Lulu,2025,1987,60845,[None],1770
Oscar Coop-Phane,2025,1988,48998,[None],1771
Tamara Magaram,2025,1988,51953,[None],1772
Émilienne Malfatto,2025,1989,72819,[None],1773
Ariane Fornia,2025,1989,83255,[[94]],1774
Adrien Gygax,2025,1989,61984,[None],1775
Élie Maucourant,2025,1989,68973,"[[94, 110, 200, 116, 205, 119, 199, 107, 195, 111, 204]]",1776
Sacha Sperling,2025,1990,68151,[None],1777
Cécile Coulon,2025,1990,108522,[[94]],1778
Mohamed Mbougar Sarr,2025,1990,125241,[None],1779
Clément Bénech,2025,1991,106139,[None],1782
Thomas Flahaut,2025,1991,49858,[[94]],1783
Marien Defalvard,2025,1992,88273,[None],1784
Édouard Louis,2025,1992,135131,[None],1785
Myriam Thibault,2025,1993,52929,[None],1786
Maud Ventura,2025,1993,54586,[[94]],1787
Carmen Bramly,2025,1995,54751,[[94]],1788
Guillaume Benech,2025,2000,77568,[None],1791
